{"type":"FeatureCollection","name":"Ancient civilizations base map","metadata":{"version":3,"coordinate_system":"WGS84 / longitude, latitude (RFC 7946)","purpose":"Orientation base map from northeast Africa through East Asia.","physical_data_source":"Natural Earth 1:110m Admin 0 Countries via world-continents.geojson; western rivers retained from Natural Earth 1:50m physical vectors.","physical_data_license":"Public domain","limitations":"Modern geography used for orientation; historical coastlines and river courses may differ."},"features":[{"type":"Feature","properties":{"role":"land","name":"Afryka","interactive":false},"geometry":{"type":"MultiPolygon","coordinates":[[[[33.9,-0.95],[34.07,-1.06],[37.7,-3.1],[37.77,-3.68],[39.2,-4.68],[38.74,-5.91],[38.8,-6.48],[39.44,-6.84],[39.47,-7.1],[39.19,-7.7],[39.25,-8.01],[39.19,-8.49],[39.54,-9.11],[39.95,-10.1],[40.32,-10.32],[40.32,-10.32],[39.52,-10.9],[38.43,-11.29],[37.83,-11.27],[37.47,-11.57],[36.78,-11.59],[36.51,-11.72],[35.31,-11.44],[34.56,-11.52],[34.28,-10.16],[33.94,-9.69],[33.74,-9.42],[32.76,-9.23],[32.19,-8.93],[31.56,-8.76],[31.16,-8.59],[30.74,-8.34],[30.74,-8.34],[30.2,-7.08],[29.62,-6.52],[29.42,-5.94],[29.52,-5.42],[29.34,-4.5],[29.75,-4.45],[30.12,-4.09],[30.51,-3.57],[30.75,-3.36],[30.74,-3.03],[30.53,-2.81],[30.47,-2.41],[30.47,-2.41],[30.76,-2.29],[30.82,-1.7],[30.42,-1.13],[30.77,-1.01],[31.87,-1.03],[33.9,-0.95]]],[[[-8.67,27.66],[-8.67,27.59],[-8.68,27.4],[-8.69,25.88],[-11.97,25.93],[-11.94,23.37],[-12.87,23.28],[-13.12,22.77],[-12.93,21.33],[-16.85,21.33],[-17.06,21],[-17.02,21.42],[-17,21.42],[-14.75,21.5],[-14.63,21.86],[-14.22,22.31],[-13.89,23.69],[-12.5,24.77],[-12.03,26.03],[-11.72,26.1],[-11.39,26.88],[-10.55,26.99],[-10.19,26.86],[-9.74,26.86],[-9.41,27.09],[-8.79,27.12],[-8.82,27.66],[-8.67,27.66]]],[[[29.34,-4.5],[29.52,-5.42],[29.42,-5.94],[29.62,-6.52],[30.2,-7.08],[30.74,-8.34],[30.74,-8.34],[30.35,-8.24],[29,-8.41],[28.73,-8.53],[28.45,-9.16],[28.67,-9.61],[28.5,-10.79],[28.37,-11.79],[28.64,-11.97],[29.34,-12.36],[29.62,-12.18],[29.7,-13.26],[28.93,-13.25],[28.52,-12.7],[28.16,-12.27],[27.39,-12.13],[27.16,-11.61],[26.55,-11.92],[25.75,-11.78],[25.42,-11.33],[24.78,-11.24],[24.31,-11.26],[24.26,-10.95],[23.91,-10.93],[23.46,-10.87],[22.84,-11.02],[22.4,-10.99],[22.16,-11.08],[22.21,-9.89],[21.88,-9.52],[21.8,-8.91],[21.95,-8.31],[21.75,-7.92],[21.73,-7.29],[20.51,-7.3],[20.6,-6.94],[20.09,-6.94],[20.04,-7.12],[19.42,-7.16],[19.17,-7.74],[19.02,-7.99],[18.46,-7.85],[18.13,-7.99],[17.47,-8.07],[17.09,-7.55],[16.86,-7.22],[16.57,-6.62],[16.33,-5.88],[13.38,-5.86],[13.02,-5.98],[12.74,-5.97],[12.32,-6.1],[12.18,-5.79],[12.44,-5.68],[12.47,-5.25],[12.63,-4.99],[13,-4.78],[13.26,-4.88],[13.6,-4.5],[14.14,-4.51],[14.21,-4.79],[14.58,-4.97],[15.17,-4.34],[15.75,-3.86],[16.01,-3.54],[15.97,-2.71],[16.41,-1.74],[16.87,-1.23],[17.52,-0.74],[17.64,-0.42],[17.66,-0.06],[17.83,0.29],[17.77,0.86],[17.9,1.74],[18.09,2.37],[18.39,2.9],[18.45,3.5],[18.54,4.2],[18.93,4.71],[19.47,5.03],[20.29,4.69],[20.93,4.32],[21.66,4.22],[22.41,4.03],[22.7,4.63],[22.84,4.71],[23.3,4.61],[24.41,5.11],[24.81,4.9],[25.13,4.93],[25.28,5.17],[25.65,5.26],[26.4,5.15],[27.04,5.13],[27.37,5.23],[27.98,4.41],[28.43,4.29],[28.7,4.46],[29.16,4.39],[29.72,4.6],[29.95,4.17],[30.83,3.51],[30.83,3.51],[30.77,2.34],[31.17,2.2],[30.85,1.85],[30.47,1.58],[30.09,1.06],[29.88,0.6],[29.82,-0.21],[29.59,-0.59],[29.58,-1.34],[29.29,-1.62],[29.25,-2.22],[29.12,-2.29],[29.02,-2.84],[29.28,-3.29],[29.34,-4.5]]],[[[41.59,-1.68],[40.99,-0.86],[40.98,2.78],[41.86,3.92],[42.13,4.23],[42.77,4.25],[43.66,4.96],[44.96,5],[47.79,8],[48.49,8.84],[48.94,9.45],[48.94,9.97],[48.94,10.98],[48.94,11.39],[48.95,11.41],[48.95,11.41],[49.27,11.43],[49.73,11.58],[50.26,11.68],[50.73,12.02],[51.11,12.02],[51.13,11.75],[51.04,11.17],[51.05,10.64],[50.83,10.28],[50.55,9.2],[50.07,8.08],[49.45,6.8],[48.59,5.34],[47.74,4.22],[46.56,2.86],[45.56,2.05],[44.07,1.05],[43.14,0.29],[42.04,-0.92],[41.81,-1.45],[41.59,-1.68]]],[[[39.2,-4.68],[37.77,-3.68],[37.7,-3.1],[34.07,-1.06],[33.9,-0.95],[33.89,0.11],[34.18,0.52],[34.67,1.18],[35.04,1.91],[34.6,3.05],[34.48,3.56],[34.01,4.25],[34.62,4.85],[35.3,5.51],[35.82,5.34],[35.82,4.78],[36.16,4.45],[36.86,4.45],[38.12,3.6],[38.44,3.59],[38.67,3.62],[38.89,3.5],[39.56,3.42],[39.85,3.84],[40.77,4.26],[41.17,3.92],[41.86,3.92],[40.98,2.78],[40.99,-0.86],[41.59,-1.68],[40.88,-2.08],[40.64,-2.5],[40.26,-2.57],[40.12,-3.28],[39.8,-3.68],[39.6,-4.35],[39.2,-4.68]]],[[[24.57,8.23],[23.81,8.67],[23.46,8.95],[23.39,9.27],[23.56,9.68],[23.55,10.09],[22.98,10.71],[22.86,11.14],[22.88,11.38],[22.51,11.68],[22.5,12.26],[22.29,12.65],[21.94,12.59],[22.04,12.96],[22.3,13.37],[22.18,13.79],[22.51,14.09],[22.3,14.33],[22.57,14.94],[23.02,15.68],[23.89,15.61],[23.84,19.58],[23.85,20],[25,20],[25,22],[29.02,22],[32.9,22],[36.87,22],[37.19,21.02],[36.97,20.84],[37.11,19.81],[37.48,18.61],[37.86,18.37],[38.41,18],[37.9,17.43],[37.17,17.26],[36.85,16.96],[36.75,16.29],[36.32,14.82],[36.43,14.42],[36.27,13.56],[35.86,12.58],[35.26,12.08],[34.83,11.32],[34.73,10.91],[34.26,10.63],[33.96,9.58],[33.97,8.68],[33.96,9.46],[33.82,9.48],[33.84,9.98],[33.72,10.33],[33.21,10.72],[33.09,11.44],[33.21,12.18],[32.74,12.25],[32.67,12.02],[32.07,11.97],[32.31,11.68],[32.4,11.08],[31.85,10.53],[31.35,9.81],[30.84,9.71],[30,10.29],[29.62,10.08],[29.52,9.79],[29,9.6],[28.97,9.4],[27.97,9.4],[27.83,9.6],[27.11,9.64],[26.75,9.47],[26.48,9.55],[25.96,10.14],[25.79,10.41],[25.07,10.27],[24.79,9.81],[24.54,8.92],[24.19,8.73],[23.89,8.62],[24.57,8.23]]],[[[23.84,19.58],[23.89,15.61],[23.02,15.68],[22.57,14.94],[22.3,14.33],[22.51,14.09],[22.18,13.79],[22.3,13.37],[22.04,12.96],[21.94,12.59],[22.29,12.65],[22.5,12.26],[22.51,11.68],[22.88,11.38],[22.86,11.14],[22.23,10.97],[21.72,10.57],[21,9.48],[20.06,9.01],[19.09,9.07],[18.81,8.98],[18.91,8.63],[18.39,8.28],[17.96,7.89],[16.71,7.51],[16.46,7.73],[16.29,7.75],[16.11,7.5],[15.28,7.42],[15.44,7.69],[15.12,8.38],[14.98,8.8],[14.54,8.97],[13.95,9.55],[14.17,10.02],[14.63,9.92],[14.91,9.99],[15.47,9.98],[14.92,10.89],[14.96,11.56],[14.89,12.22],[14.5,12.86],[14.6,13.33],[13.95,13.35],[13.96,14],[13.54,14.37],[13.97,15.68],[15.25,16.63],[15.3,17.93],[15.69,19.96],[15.9,20.39],[15.49,20.73],[15.47,21.05],[15.1,21.31],[14.85,22.86],[15.86,23.41],[19.85,21.5],[23.84,19.58]]],[[[16.34,-28.58],[16.82,-28.08],[17.22,-28.36],[17.39,-28.78],[17.84,-28.86],[18.46,-29.05],[19,-28.97],[19.89,-28.46],[19.9,-24.77],[20.17,-24.92],[20.76,-25.87],[20.67,-26.48],[20.89,-26.83],[21.61,-26.73],[22.11,-26.28],[22.58,-25.98],[22.82,-25.5],[23.31,-25.27],[23.73,-25.39],[24.21,-25.67],[25.03,-25.72],[25.66,-25.49],[25.77,-25.17],[25.94,-24.7],[26.49,-24.62],[26.79,-24.24],[27.12,-23.57],[28.02,-22.83],[29.43,-22.09],[29.84,-22.1],[30.32,-22.27],[30.66,-22.15],[31.19,-22.25],[31.67,-23.66],[31.93,-24.37],[31.75,-25.48],[31.84,-25.84],[31.33,-25.66],[31.04,-25.73],[30.95,-26.02],[30.68,-26.4],[30.69,-26.74],[31.28,-27.29],[31.87,-27.18],[32.07,-26.73],[32.83,-26.74],[32.58,-27.47],[32.46,-28.3],[32.2,-28.75],[31.52,-29.26],[31.33,-29.4],[30.9,-29.91],[30.62,-30.42],[30.06,-31.14],[28.93,-32.17],[28.22,-32.77],[27.46,-33.23],[26.42,-33.61],[25.91,-33.67],[25.78,-33.94],[25.17,-33.8],[24.68,-33.99],[23.59,-33.79],[22.99,-33.92],[22.57,-33.86],[21.54,-34.26],[20.69,-34.42],[20.07,-34.8],[19.62,-34.82],[19.19,-34.46],[18.86,-34.44],[18.42,-34],[18.38,-34.14],[18.24,-33.87],[18.25,-33.28],[17.93,-32.61],[18.25,-32.43],[18.22,-31.66],[17.57,-30.73],[17.06,-29.88],[17.06,-29.88],[16.34,-28.58]],[[28.98,-28.96],[28.54,-28.65],[28.07,-28.85],[27.53,-29.24],[27,-29.88],[27.75,-30.65],[28.11,-30.55],[28.29,-30.23],[28.85,-30.07],[29.02,-29.74],[29.33,-29.26],[28.98,-28.96]]],[[[28.98,-28.96],[29.33,-29.26],[29.02,-29.74],[28.85,-30.07],[28.29,-30.23],[28.11,-30.55],[27.75,-30.65],[27,-29.88],[27.53,-29.24],[28.07,-28.85],[28.54,-28.65],[28.98,-28.96]]],[[[31.19,-22.25],[30.66,-22.15],[30.32,-22.27],[29.84,-22.1],[29.43,-22.09],[28.79,-21.64],[28.02,-21.49],[27.73,-20.85],[27.72,-20.5],[27.3,-20.39],[26.16,-19.29],[25.85,-18.71],[25.65,-18.54],[25.26,-17.74],[26.38,-17.85],[26.71,-17.96],[27.04,-17.94],[27.6,-17.29],[28.47,-16.47],[28.83,-16.39],[28.95,-16.04],[29.52,-15.64],[30.27,-15.51],[30.34,-15.88],[31.17,-15.86],[31.64,-16.07],[31.85,-16.32],[32.33,-16.39],[32.85,-16.71],[32.85,-17.98],[32.65,-18.67],[32.61,-19.42],[32.77,-19.72],[32.66,-20.3],[32.51,-20.4],[32.24,-21.12],[31.19,-22.25]]],[[[29.43,-22.09],[28.02,-22.83],[27.12,-23.57],[26.79,-24.24],[26.49,-24.62],[25.94,-24.7],[25.77,-25.17],[25.66,-25.49],[25.03,-25.72],[24.21,-25.67],[23.73,-25.39],[23.31,-25.27],[22.82,-25.5],[22.58,-25.98],[22.11,-26.28],[21.61,-26.73],[20.89,-26.83],[20.67,-26.48],[20.76,-25.87],[20.17,-24.92],[19.9,-24.77],[19.9,-21.85],[20.88,-21.81],[20.91,-18.25],[21.66,-18.22],[23.2,-17.87],[23.58,-18.28],[24.22,-17.89],[24.52,-17.89],[25.08,-17.66],[25.26,-17.74],[25.65,-18.54],[25.85,-18.71],[26.16,-19.29],[27.3,-20.39],[27.72,-20.5],[27.73,-20.85],[28.02,-21.49],[28.79,-21.64],[29.43,-22.09]]],[[[19.9,-24.77],[19.89,-28.46],[19,-28.97],[18.46,-29.05],[17.84,-28.86],[17.39,-28.78],[17.22,-28.36],[16.82,-28.08],[16.34,-28.58],[15.6,-27.82],[15.21,-27.09],[14.99,-26.12],[14.74,-25.39],[14.41,-23.85],[14.39,-22.66],[14.26,-22.11],[13.87,-21.7],[13.35,-20.87],[12.83,-19.67],[12.61,-19.05],[11.79,-18.07],[11.73,-17.3],[12.22,-17.11],[12.81,-16.94],[13.46,-16.97],[14.06,-17.42],[14.21,-17.35],[18.26,-17.31],[18.96,-17.79],[21.38,-17.93],[23.22,-17.52],[24.03,-17.3],[24.68,-17.35],[25.08,-17.58],[25.08,-17.66],[24.52,-17.89],[24.22,-17.89],[23.58,-18.28],[23.2,-17.87],[21.66,-18.22],[20.91,-18.25],[20.88,-21.81],[19.9,-21.85],[19.9,-24.77]]],[[[-16.71,13.59],[-17.13,14.37],[-17.63,14.73],[-17.19,14.92],[-16.7,15.62],[-16.46,16.14],[-16.12,16.46],[-15.62,16.37],[-15.14,16.59],[-14.58,16.6],[-14.1,16.3],[-13.44,16.04],[-12.83,15.3],[-12.17,14.62],[-12.12,13.99],[-11.93,13.42],[-11.55,13.14],[-11.47,12.75],[-11.51,12.44],[-11.66,12.39],[-12.2,12.47],[-12.28,12.35],[-12.5,12.33],[-13.22,12.58],[-13.7,12.59],[-15.55,12.63],[-15.82,12.52],[-16.15,12.55],[-16.68,12.38],[-16.84,13.15],[-15.93,13.13],[-15.69,13.27],[-15.51,13.28],[-15.14,13.51],[-14.71,13.3],[-14.28,13.28],[-13.84,13.51],[-14.05,13.79],[-14.38,13.63],[-14.69,13.63],[-15.08,13.88],[-15.4,13.86],[-15.62,13.62],[-16.71,13.59]]],[[[-11.51,12.44],[-11.47,12.75],[-11.55,13.14],[-11.93,13.42],[-12.12,13.99],[-12.17,14.62],[-11.83,14.8],[-11.67,15.39],[-11.35,15.41],[-10.65,15.13],[-10.09,15.33],[-9.7,15.26],[-9.55,15.49],[-5.54,15.5],[-5.32,16.2],[-5.49,16.33],[-5.97,20.64],[-6.45,24.96],[-4.92,24.97],[-1.55,22.79],[1.82,20.61],[2.06,20.14],[2.68,19.86],[3.15,19.69],[3.16,19.06],[4.27,19.16],[4.27,16.85],[3.72,16.18],[3.64,15.57],[2.75,15.41],[1.39,15.32],[1.02,14.97],[0.37,14.93],[-0.27,14.92],[-0.52,15.12],[-1.07,14.97],[-2,14.56],[-2.19,14.25],[-2.97,13.8],[-3.1,13.54],[-3.52,13.34],[-4.01,13.47],[-4.28,13.23],[-4.43,12.54],[-5.22,11.71],[-5.2,11.38],[-5.47,10.95],[-5.4,10.37],[-5.82,10.22],[-6.05,10.1],[-6.21,10.52],[-6.49,10.41],[-6.67,10.43],[-6.85,10.14],[-7.62,10.15],[-7.9,10.3],[-8.03,10.21],[-8.34,10.49],[-8.28,10.79],[-8.41,10.91],[-8.62,10.81],[-8.58,11.14],[-8.38,11.39],[-8.79,11.81],[-8.91,12.09],[-9.13,12.31],[-9.33,12.33],[-9.57,12.19],[-9.89,12.06],[-10.17,11.84],[-10.59,11.92],[-10.87,12.18],[-11.04,12.21],[-11.3,12.08],[-11.46,12.08],[-11.51,12.44]]],[[[-17.06,21],[-16.85,21.33],[-12.93,21.33],[-13.12,22.77],[-12.87,23.28],[-11.94,23.37],[-11.97,25.93],[-8.69,25.88],[-8.68,27.4],[-4.92,24.97],[-6.45,24.96],[-5.97,20.64],[-5.49,16.33],[-5.32,16.2],[-5.54,15.5],[-9.55,15.49],[-9.7,15.26],[-10.09,15.33],[-10.65,15.13],[-11.35,15.41],[-11.67,15.39],[-11.83,14.8],[-12.17,14.62],[-12.83,15.3],[-13.44,16.04],[-14.1,16.3],[-14.58,16.6],[-15.14,16.59],[-15.62,16.37],[-16.12,16.46],[-16.46,16.14],[-16.55,16.67],[-16.27,17.17],[-16.15,18.11],[-16.26,19.1],[-16.38,19.59],[-16.28,20.09],[-16.54,20.57],[-17.06,21]]],[[[2.69,6.26],[1.87,6.14],[1.62,6.83],[1.66,9.13],[1.46,9.33],[1.43,9.83],[1.08,10.18],[0.77,10.47],[0.9,11],[1.24,11.11],[1.45,11.55],[1.94,11.64],[2.15,11.94],[2.49,12.23],[2.85,12.24],[3.61,11.66],[3.57,11.33],[3.8,10.73],[3.6,10.33],[3.71,10.06],[3.22,9.44],[2.91,9.14],[2.72,8.51],[2.75,7.87],[2.69,6.26]]],[[[14.85,22.86],[15.1,21.31],[15.47,21.05],[15.49,20.73],[15.9,20.39],[15.69,19.96],[15.3,17.93],[15.25,16.63],[13.97,15.68],[13.54,14.37],[13.96,14],[13.95,13.35],[14.6,13.33],[14.5,12.86],[14.21,12.8],[14.18,12.48],[14,12.46],[13.32,13.56],[13.08,13.6],[12.3,13.04],[11.53,13.33],[10.99,13.39],[10.7,13.25],[10.11,13.28],[9.52,12.85],[9.01,12.83],[7.8,13.34],[7.33,13.1],[6.82,13.12],[6.45,13.49],[5.44,13.87],[4.37,13.75],[4.11,13.53],[3.97,12.96],[3.68,12.55],[3.61,11.66],[2.85,12.24],[2.49,12.23],[2.15,11.94],[2.18,12.63],[1.02,12.85],[0.99,13.34],[0.43,13.99],[0.3,14.44],[0.37,14.93],[1.02,14.97],[1.39,15.32],[2.75,15.41],[3.64,15.57],[3.72,16.18],[4.27,16.85],[4.27,19.16],[5.68,19.6],[8.57,21.57],[12,23.47],[13.58,23.04],[14.14,22.49],[14.85,22.86]]],[[[2.69,6.26],[2.75,7.87],[2.72,8.51],[2.91,9.14],[3.22,9.44],[3.71,10.06],[3.6,10.33],[3.8,10.73],[3.57,11.33],[3.61,11.66],[3.68,12.55],[3.97,12.96],[4.11,13.53],[4.37,13.75],[5.44,13.87],[6.45,13.49],[6.82,13.12],[7.33,13.1],[7.8,13.34],[9.01,12.83],[9.52,12.85],[10.11,13.28],[10.7,13.25],[10.99,13.39],[11.53,13.33],[12.3,13.04],[13.08,13.6],[13.32,13.56],[14,12.46],[14.18,12.48],[14.58,12.09],[14.47,11.9],[14.42,11.57],[13.57,10.8],[13.31,10.16],[13.17,9.64],[12.96,9.42],[12.75,8.72],[12.22,8.31],[12.06,7.8],[11.84,7.4],[11.75,6.98],[11.06,6.64],[10.5,7.06],[10.12,7.04],[9.52,6.45],[9.23,6.44],[8.76,5.48],[8.5,4.77],[7.46,4.41],[7.08,4.46],[6.7,4.24],[5.9,4.26],[5.36,4.89],[5.03,5.61],[4.33,6.27],[3.57,6.26],[2.69,6.26]]],[[[14.5,12.86],[14.89,12.22],[14.96,11.56],[14.92,10.89],[15.47,9.98],[14.91,9.99],[14.63,9.92],[14.17,10.02],[13.95,9.55],[14.54,8.97],[14.98,8.8],[15.12,8.38],[15.44,7.69],[15.28,7.42],[14.78,6.41],[14.54,6.23],[14.46,5.45],[14.56,5.03],[14.48,4.73],[14.95,4.21],[15.04,3.85],[15.41,3.34],[15.86,3.01],[15.91,2.56],[16.01,2.27],[15.94,1.73],[15.15,1.96],[14.34,2.23],[13.08,2.27],[12.95,2.32],[12.36,2.19],[11.75,2.33],[11.28,2.26],[9.65,2.28],[9.8,3.07],[9.4,3.73],[8.95,3.9],[8.74,4.35],[8.49,4.5],[8.5,4.77],[8.76,5.48],[9.23,6.44],[9.52,6.45],[10.12,7.04],[10.5,7.06],[11.06,6.64],[11.75,6.98],[11.84,7.4],[12.06,7.8],[12.22,8.31],[12.75,8.72],[12.96,9.42],[13.17,9.64],[13.31,10.16],[13.57,10.8],[14.42,11.57],[14.47,11.9],[14.58,12.09],[14.18,12.48],[14.21,12.8],[14.5,12.86]]],[[[0.9,11],[0.77,10.47],[1.08,10.18],[1.43,9.83],[1.46,9.33],[1.66,9.13],[1.62,6.83],[1.87,6.14],[1.06,5.93],[0.84,6.28],[0.57,6.91],[0.49,7.41],[0.71,8.31],[0.46,8.68],[0.37,9.47],[0.37,10.19],[-0.05,10.71],[0.02,11.02],[0.9,11]]],[[[0.02,11.02],[-0.05,10.71],[0.37,10.19],[0.37,9.47],[0.46,8.68],[0.71,8.31],[0.49,7.41],[0.57,6.91],[0.84,6.28],[1.06,5.93],[-0.51,5.34],[-1.06,5],[-1.96,4.71],[-2.86,4.99],[-2.81,5.39],[-3.24,6.25],[-2.98,7.38],[-2.56,8.22],[-2.83,9.64],[-2.96,10.4],[-2.94,10.96],[-1.2,11.01],[-0.76,10.94],[-0.44,11.1],[0.02,11.02]]],[[[-8.03,10.21],[-7.9,10.3],[-7.62,10.15],[-6.85,10.14],[-6.67,10.43],[-6.49,10.41],[-6.21,10.52],[-6.05,10.1],[-5.82,10.22],[-5.4,10.37],[-4.95,10.15],[-4.78,9.82],[-4.33,9.61],[-3.98,9.86],[-3.51,9.9],[-2.83,9.64],[-2.56,8.22],[-2.98,7.38],[-3.24,6.25],[-2.81,5.39],[-2.86,4.99],[-3.31,4.98],[-4.01,5.18],[-4.65,5.17],[-5.83,4.99],[-6.53,4.71],[-7.52,4.34],[-7.71,4.36],[-7.64,5.19],[-7.54,5.31],[-7.57,5.71],[-7.99,6.13],[-8.31,6.19],[-8.6,6.47],[-8.39,6.91],[-8.49,7.4],[-8.44,7.69],[-8.28,7.69],[-8.22,8.12],[-8.3,8.32],[-8.2,8.46],[-7.83,8.58],[-8.08,9.38],[-8.31,9.79],[-8.23,10.13],[-8.03,10.21]]],[[[-13.7,12.59],[-13.22,12.58],[-12.5,12.33],[-12.28,12.35],[-12.2,12.47],[-11.66,12.39],[-11.51,12.44],[-11.46,12.08],[-11.3,12.08],[-11.04,12.21],[-10.87,12.18],[-10.59,11.92],[-10.17,11.84],[-9.89,12.06],[-9.57,12.19],[-9.33,12.33],[-9.13,12.31],[-8.91,12.09],[-8.79,11.81],[-8.38,11.39],[-8.58,11.14],[-8.62,10.81],[-8.41,10.91],[-8.28,10.79],[-8.34,10.49],[-8.03,10.21],[-8.23,10.13],[-8.31,9.79],[-8.08,9.38],[-7.83,8.58],[-8.2,8.46],[-8.3,8.32],[-8.22,8.12],[-8.28,7.69],[-8.44,7.69],[-8.72,7.71],[-8.93,7.31],[-9.21,7.31],[-9.4,7.53],[-9.34,7.93],[-9.76,8.54],[-10.02,8.43],[-10.23,8.41],[-10.51,8.35],[-10.49,8.72],[-10.65,8.98],[-10.62,9.27],[-10.84,9.69],[-11.12,10.05],[-11.92,10.05],[-12.15,9.86],[-12.43,9.84],[-12.6,9.62],[-12.71,9.34],[-13.25,8.9],[-13.69,9.49],[-14.07,9.89],[-14.33,10.02],[-14.58,10.21],[-14.69,10.66],[-14.84,10.88],[-15.13,11.04],[-14.69,11.53],[-14.38,11.51],[-14.12,11.68],[-13.9,11.68],[-13.74,11.81],[-13.83,12.14],[-13.72,12.25],[-13.7,12.59]]],[[[-16.68,12.38],[-16.15,12.55],[-15.82,12.52],[-15.55,12.63],[-13.7,12.59],[-13.72,12.25],[-13.83,12.14],[-13.74,11.81],[-13.9,11.68],[-14.12,11.68],[-14.38,11.51],[-14.69,11.53],[-15.13,11.04],[-15.66,11.46],[-16.09,11.52],[-16.31,11.81],[-16.31,11.96],[-16.61,12.17],[-16.68,12.38]]],[[[-8.44,7.69],[-8.49,7.4],[-8.39,6.91],[-8.6,6.47],[-8.31,6.19],[-7.99,6.13],[-7.57,5.71],[-7.54,5.31],[-7.64,5.19],[-7.71,4.36],[-7.97,4.36],[-9,4.83],[-9.91,5.59],[-10.77,6.14],[-11.44,6.79],[-11.2,7.11],[-11.15,7.4],[-10.7,7.94],[-10.23,8.41],[-10.02,8.43],[-9.76,8.54],[-9.34,7.93],[-9.4,7.53],[-9.21,7.31],[-8.93,7.31],[-8.72,7.71],[-8.44,7.69]]],[[[-13.25,8.9],[-12.71,9.34],[-12.6,9.62],[-12.43,9.84],[-12.15,9.86],[-11.92,10.05],[-11.12,10.05],[-10.84,9.69],[-10.62,9.27],[-10.65,8.98],[-10.49,8.72],[-10.51,8.35],[-10.23,8.41],[-10.7,7.94],[-11.15,7.4],[-11.2,7.11],[-11.44,6.79],[-11.71,6.86],[-12.43,7.26],[-12.95,7.8],[-13.12,8.16],[-13.25,8.9]]],[[[-5.4,10.37],[-5.47,10.95],[-5.2,11.38],[-5.22,11.71],[-4.43,12.54],[-4.28,13.23],[-4.01,13.47],[-3.52,13.34],[-3.1,13.54],[-2.97,13.8],[-2.19,14.25],[-2,14.56],[-1.07,14.97],[-0.52,15.12],[-0.27,14.92],[0.37,14.93],[0.3,14.44],[0.43,13.99],[0.99,13.34],[1.02,12.85],[2.18,12.63],[2.15,11.94],[1.94,11.64],[1.45,11.55],[1.24,11.11],[0.9,11],[0.02,11.02],[-0.44,11.1],[-0.76,10.94],[-1.2,11.01],[-2.94,10.96],[-2.96,10.4],[-2.83,9.64],[-3.51,9.9],[-3.98,9.86],[-4.33,9.61],[-4.78,9.82],[-4.95,10.15],[-5.4,10.37]]],[[[27.37,5.23],[27.04,5.13],[26.4,5.15],[25.65,5.26],[25.28,5.17],[25.13,4.93],[24.81,4.9],[24.41,5.11],[23.3,4.61],[22.84,4.71],[22.7,4.63],[22.41,4.03],[21.66,4.22],[20.93,4.32],[20.29,4.69],[19.47,5.03],[18.93,4.71],[18.54,4.2],[18.45,3.5],[17.81,3.56],[17.13,3.73],[16.54,3.2],[16.01,2.27],[15.91,2.56],[15.86,3.01],[15.41,3.34],[15.04,3.85],[14.95,4.21],[14.48,4.73],[14.56,5.03],[14.46,5.45],[14.54,6.23],[14.78,6.41],[15.28,7.42],[16.11,7.5],[16.29,7.75],[16.46,7.73],[16.71,7.51],[17.96,7.89],[18.39,8.28],[18.91,8.63],[18.81,8.98],[19.09,9.07],[20.06,9.01],[21,9.48],[21.72,10.57],[22.23,10.97],[22.86,11.14],[22.98,10.71],[23.55,10.09],[23.56,9.68],[23.39,9.27],[23.46,8.95],[23.81,8.67],[24.57,8.23],[25.11,7.83],[25.12,7.5],[25.8,6.98],[26.21,6.55],[26.47,5.95],[27.21,5.55],[27.37,5.23]]],[[[18.45,3.5],[18.39,2.9],[18.09,2.37],[17.9,1.74],[17.77,0.86],[17.83,0.29],[17.66,-0.06],[17.64,-0.42],[17.52,-0.74],[16.87,-1.23],[16.41,-1.74],[15.97,-2.71],[16.01,-3.54],[15.75,-3.86],[15.17,-4.34],[14.58,-4.97],[14.21,-4.79],[14.14,-4.51],[13.6,-4.5],[13.26,-4.88],[13,-4.78],[12.62,-4.44],[12.32,-4.61],[11.91,-5.04],[11.09,-3.98],[11.86,-3.43],[11.48,-2.77],[11.82,-2.51],[12.5,-2.39],[12.58,-1.95],[13.11,-2.43],[13.99,-2.47],[14.3,-2],[14.43,-1.33],[14.32,-0.55],[13.84,0.04],[14.28,1.2],[14.03,1.4],[13.28,1.31],[13,1.83],[13.08,2.27],[14.34,2.23],[15.15,1.96],[15.94,1.73],[16.01,2.27],[16.54,3.2],[17.13,3.73],[17.81,3.56],[18.45,3.5]]],[[[11.28,2.26],[11.75,2.33],[12.36,2.19],[12.95,2.32],[13.08,2.27],[13,1.83],[13.28,1.31],[14.03,1.4],[14.28,1.2],[13.84,0.04],[14.32,-0.55],[14.43,-1.33],[14.3,-2],[13.99,-2.47],[13.11,-2.43],[12.58,-1.95],[12.5,-2.39],[11.82,-2.51],[11.48,-2.77],[11.86,-3.43],[11.09,-3.98],[10.07,-2.97],[9.41,-2.14],[8.8,-1.11],[8.83,-0.78],[9.05,-0.46],[9.29,0.27],[9.49,1.01],[9.83,1.07],[11.29,1.06],[11.28,2.26]]],[[[9.65,2.28],[11.28,2.26],[11.29,1.06],[9.83,1.07],[9.49,1.01],[9.31,1.16],[9.65,2.28]]],[[[30.74,-8.34],[31.16,-8.59],[31.56,-8.76],[32.19,-8.93],[32.76,-9.23],[33.23,-9.68],[33.49,-10.53],[33.32,-10.8],[33.11,-11.61],[33.31,-12.44],[32.99,-12.78],[32.69,-13.71],[33.21,-13.97],[30.18,-14.8],[30.27,-15.51],[29.52,-15.64],[28.95,-16.04],[28.83,-16.39],[28.47,-16.47],[27.6,-17.29],[27.04,-17.94],[26.71,-17.96],[26.38,-17.85],[25.26,-17.74],[25.08,-17.66],[25.08,-17.58],[24.68,-17.35],[24.03,-17.3],[23.22,-17.52],[22.56,-16.9],[21.89,-16.08],[21.93,-12.9],[24.02,-12.91],[23.93,-12.57],[24.08,-12.19],[23.9,-11.72],[24.02,-11.24],[23.91,-10.93],[24.26,-10.95],[24.31,-11.26],[24.78,-11.24],[25.42,-11.33],[25.75,-11.78],[26.55,-11.92],[27.16,-11.61],[27.39,-12.13],[28.16,-12.27],[28.52,-12.7],[28.93,-13.25],[29.7,-13.26],[29.62,-12.18],[29.34,-12.36],[28.64,-11.97],[28.37,-11.79],[28.5,-10.79],[28.67,-9.61],[28.45,-9.16],[28.73,-8.53],[29,-8.41],[30.35,-8.24],[30.74,-8.34]]],[[[32.76,-9.23],[33.74,-9.42],[33.94,-9.69],[34.28,-10.16],[34.56,-11.52],[34.28,-12.28],[34.56,-13.58],[34.91,-13.57],[35.27,-13.89],[35.69,-14.61],[35.77,-15.9],[35.34,-16.11],[35.03,-16.8],[34.38,-16.18],[34.31,-15.48],[34.52,-15.01],[34.46,-14.61],[34.06,-14.36],[33.79,-14.45],[33.21,-13.97],[32.69,-13.71],[32.99,-12.78],[33.31,-12.44],[33.11,-11.61],[33.32,-10.8],[33.49,-10.53],[33.23,-9.68],[32.76,-9.23]]],[[[34.56,-11.52],[35.31,-11.44],[36.51,-11.72],[36.78,-11.59],[37.47,-11.57],[37.83,-11.27],[38.43,-11.29],[39.52,-10.9],[40.32,-10.32],[40.32,-10.32],[40.32,-10.32],[40.48,-10.77],[40.44,-11.76],[40.56,-12.64],[40.6,-14.2],[40.78,-14.69],[40.48,-15.41],[40.09,-16.1],[39.45,-16.72],[38.54,-17.1],[37.41,-17.59],[36.28,-18.66],[35.9,-18.84],[35.2,-19.55],[34.79,-19.78],[34.7,-20.5],[35.18,-21.25],[35.37,-21.84],[35.39,-22.14],[35.56,-22.09],[35.53,-23.07],[35.37,-23.54],[35.61,-23.71],[35.46,-24.12],[35.04,-24.48],[34.22,-24.82],[33.01,-25.36],[32.57,-25.73],[32.66,-26.15],[32.92,-26.22],[32.83,-26.74],[32.07,-26.73],[31.99,-26.29],[31.84,-25.84],[31.75,-25.48],[31.93,-24.37],[31.67,-23.66],[31.19,-22.25],[32.24,-21.12],[32.51,-20.4],[32.66,-20.3],[32.77,-19.72],[32.61,-19.42],[32.65,-18.67],[32.85,-17.98],[32.85,-16.71],[32.33,-16.39],[31.85,-16.32],[31.64,-16.07],[31.17,-15.86],[30.34,-15.88],[30.27,-15.51],[30.18,-14.8],[33.21,-13.97],[33.79,-14.45],[34.06,-14.36],[34.46,-14.61],[34.52,-15.01],[34.31,-15.48],[34.38,-16.18],[35.03,-16.8],[35.34,-16.11],[35.77,-15.9],[35.69,-14.61],[35.27,-13.89],[34.91,-13.57],[34.56,-13.58],[34.28,-12.28],[34.56,-11.52]]],[[[32.07,-26.73],[31.87,-27.18],[31.28,-27.29],[30.69,-26.74],[30.68,-26.4],[30.95,-26.02],[31.04,-25.73],[31.33,-25.66],[31.84,-25.84],[31.99,-26.29],[32.07,-26.73]]],[[[13,-4.78],[12.63,-4.99],[12.47,-5.25],[12.44,-5.68],[12.18,-5.79],[11.91,-5.04],[12.32,-4.61],[12.62,-4.44],[13,-4.78]]],[[[12.32,-6.1],[12.74,-5.97],[13.02,-5.98],[13.38,-5.86],[16.33,-5.88],[16.57,-6.62],[16.86,-7.22],[17.09,-7.55],[17.47,-8.07],[18.13,-7.99],[18.46,-7.85],[19.02,-7.99],[19.17,-7.74],[19.42,-7.16],[20.04,-7.12],[20.09,-6.94],[20.6,-6.94],[20.51,-7.3],[21.73,-7.29],[21.75,-7.92],[21.95,-8.31],[21.8,-8.91],[21.88,-9.52],[22.21,-9.89],[22.16,-11.08],[22.4,-10.99],[22.84,-11.02],[23.46,-10.87],[23.91,-10.93],[24.02,-11.24],[23.9,-11.72],[24.08,-12.19],[23.93,-12.57],[24.02,-12.91],[21.93,-12.9],[21.89,-16.08],[22.56,-16.9],[23.22,-17.52],[21.38,-17.93],[18.96,-17.79],[18.26,-17.31],[14.21,-17.35],[14.06,-17.42],[13.46,-16.97],[12.81,-16.94],[12.22,-17.11],[11.73,-17.3],[11.64,-16.67],[11.78,-15.79],[12.12,-14.88],[12.18,-14.45],[12.5,-13.55],[12.74,-13.14],[13.31,-12.48],[13.63,-12.04],[13.74,-11.3],[13.69,-10.73],[13.39,-10.37],[13.12,-9.77],[12.88,-9.17],[12.93,-8.96],[13.24,-8.56],[12.93,-7.6],[12.73,-6.93],[12.23,-6.29],[12.32,-6.1]]],[[[30.47,-2.41],[30.53,-2.81],[30.74,-3.03],[30.75,-3.36],[30.51,-3.57],[30.12,-4.09],[29.75,-4.45],[29.34,-4.5],[29.28,-3.29],[29.02,-2.84],[29.63,-2.92],[29.94,-2.35],[30.47,-2.41]]],[[[49.54,-12.47],[49.81,-12.9],[50.06,-13.56],[50.22,-14.76],[50.48,-15.23],[50.38,-15.71],[50.2,-16],[49.86,-15.41],[49.67,-15.71],[49.86,-16.45],[49.77,-16.88],[49.5,-17.11],[49.44,-17.95],[49.04,-19.12],[48.55,-20.5],[47.93,-22.39],[47.55,-23.78],[47.1,-24.94],[46.28,-25.18],[45.41,-25.6],[44.83,-25.35],[44.04,-24.99],[43.76,-24.46],[43.7,-23.57],[43.35,-22.78],[43.25,-22.06],[43.43,-21.34],[43.89,-21.16],[43.9,-20.83],[44.37,-20.07],[44.46,-19.44],[44.23,-18.96],[44.04,-18.33],[43.96,-17.41],[44.31,-16.85],[44.45,-16.22],[44.94,-16.18],[45.5,-15.97],[45.87,-15.79],[46.31,-15.78],[46.88,-15.21],[47.71,-14.59],[48.01,-14.09],[47.87,-13.66],[48.29,-13.78],[48.85,-13.09],[48.86,-12.49],[49.19,-12.04],[49.54,-12.47]]],[[[-16.71,13.59],[-15.62,13.62],[-15.4,13.86],[-15.08,13.88],[-14.69,13.63],[-14.38,13.63],[-14.05,13.79],[-13.84,13.51],[-14.28,13.28],[-14.71,13.3],[-15.14,13.51],[-15.51,13.28],[-15.69,13.27],[-15.93,13.13],[-16.84,13.15],[-16.71,13.59]]],[[[9.48,30.31],[9.06,32.1],[8.44,32.51],[8.43,32.75],[7.61,33.34],[7.52,34.1],[8.14,34.66],[8.38,35.48],[8.22,36.43],[8.42,36.95],[9.51,37.35],[10.21,37.23],[10.18,36.72],[11.03,37.09],[11.1,36.9],[10.6,36.41],[10.59,35.95],[10.94,35.7],[10.81,34.83],[10.15,34.33],[10.34,33.79],[10.86,33.77],[11.11,33.29],[11.49,33.14],[11.43,32.37],[10.94,32.08],[10.64,31.76],[9.95,31.38],[10.06,30.96],[9.97,30.54],[9.48,30.31]]],[[[-8.68,27.4],[-8.67,27.59],[-8.67,27.66],[-8.67,28.84],[-7.06,29.58],[-6.06,29.73],[-5.24,30],[-4.86,30.5],[-3.69,30.9],[-3.65,31.64],[-3.07,31.72],[-2.62,32.09],[-1.31,32.26],[-1.12,32.65],[-1.39,32.86],[-1.73,33.92],[-1.79,34.53],[-2.17,35.17],[-1.21,35.71],[-0.13,35.89],[0.5,36.3],[1.47,36.61],[3.16,36.78],[4.82,36.87],[5.32,36.72],[6.26,37.11],[7.33,37.12],[7.74,36.89],[8.42,36.95],[8.22,36.43],[8.38,35.48],[8.14,34.66],[7.52,34.1],[7.61,33.34],[8.43,32.75],[8.44,32.51],[9.06,32.1],[9.48,30.31],[9.81,29.42],[9.86,28.96],[9.68,28.14],[9.76,27.69],[9.63,27.14],[9.72,26.51],[9.32,26.09],[9.91,25.37],[9.95,24.94],[10.3,24.38],[10.77,24.56],[11.56,24.1],[12,23.47],[8.57,21.57],[5.68,19.6],[4.27,19.16],[3.16,19.06],[3.15,19.69],[2.68,19.86],[2.06,20.14],[1.82,20.61],[-1.55,22.79],[-4.92,24.97],[-8.68,27.4]]],[[[36.43,14.42],[36.32,14.82],[36.75,16.29],[36.85,16.96],[37.17,17.26],[37.9,17.43],[38.41,18],[38.99,16.84],[39.27,15.92],[39.81,15.44],[41.18,14.49],[41.73,13.92],[42.28,13.34],[42.59,13],[43.08,12.7],[42.78,12.46],[42.35,12.54],[42.01,12.87],[41.6,13.45],[41.16,13.77],[40.9,14.12],[40.03,14.52],[39.34,14.53],[39.1,14.74],[38.51,14.51],[37.91,14.96],[37.59,14.21],[36.43,14.42]]],[[[-2.17,35.17],[-1.79,34.53],[-1.73,33.92],[-1.39,32.86],[-1.12,32.65],[-1.31,32.26],[-2.62,32.09],[-3.07,31.72],[-3.65,31.64],[-3.69,30.9],[-4.86,30.5],[-5.24,30],[-6.06,29.73],[-7.06,29.58],[-8.67,28.84],[-8.67,27.66],[-8.82,27.66],[-8.79,27.12],[-9.41,27.09],[-9.74,26.86],[-10.19,26.86],[-10.55,26.99],[-11.39,26.88],[-11.72,26.1],[-12.03,26.03],[-12.5,24.77],[-13.89,23.69],[-14.22,22.31],[-14.63,21.86],[-14.75,21.5],[-17,21.42],[-17.02,21.42],[-16.97,21.89],[-16.59,22.16],[-16.26,22.68],[-16.33,23.02],[-15.98,23.72],[-15.43,24.36],[-15.09,24.52],[-14.82,25.1],[-14.8,25.64],[-14.44,26.25],[-13.77,26.62],[-13.14,27.64],[-13.12,27.65],[-12.62,28.04],[-11.69,28.15],[-10.9,28.83],[-10.4,29.1],[-9.56,29.93],[-9.81,31.18],[-9.43,32.04],[-9.3,32.56],[-8.66,33.24],[-7.65,33.7],[-6.91,34.11],[-6.24,35.15],[-5.93,35.76],[-5.19,35.76],[-4.59,35.33],[-3.64,35.4],[-2.6,35.18],[-2.17,35.17]]],[[[36.87,22],[32.9,22],[29.02,22],[25,22],[25,25.68],[25,29.24],[24.7,30.04],[24.96,30.66],[24.8,31.09],[25.16,31.57],[26.5,31.59],[27.46,31.32],[28.45,31.03],[28.91,30.87],[29.68,31.19],[30.1,31.47],[30.98,31.56],[31.69,31.43],[31.96,30.93],[32.19,31.26],[32.99,31.02],[33.77,30.97],[34.27,31.22],[34.27,31.22],[34.82,29.76],[34.92,29.5],[34.64,29.1],[34.43,28.34],[34.15,27.82],[33.92,27.65],[33.59,27.97],[33.14,28.42],[32.42,29.85],[32.32,29.76],[32.73,28.71],[33.35,27.7],[34.1,26.14],[34.47,25.6],[34.8,25.03],[35.69,23.93],[35.49,23.75],[35.53,23.1],[36.69,22.2],[36.87,22]]],[[[25,22],[25,20],[23.85,20],[23.84,19.58],[19.85,21.5],[15.86,23.41],[14.85,22.86],[14.14,22.49],[13.58,23.04],[12,23.47],[11.56,24.1],[10.77,24.56],[10.3,24.38],[9.95,24.94],[9.91,25.37],[9.32,26.09],[9.72,26.51],[9.63,27.14],[9.76,27.69],[9.68,28.14],[9.86,28.96],[9.81,29.42],[9.48,30.31],[9.97,30.54],[10.06,30.96],[9.95,31.38],[10.64,31.76],[10.94,32.08],[11.43,32.37],[11.49,33.14],[12.66,32.79],[13.08,32.88],[13.92,32.71],[15.25,32.27],[15.71,31.38],[16.61,31.18],[18.02,30.76],[19.09,30.27],[19.57,30.53],[20.05,30.99],[19.82,31.75],[20.13,32.24],[20.85,32.71],[21.54,32.84],[22.9,32.64],[23.24,32.19],[23.61,32.19],[23.93,32.02],[24.92,31.9],[25.16,31.57],[24.8,31.09],[24.96,30.66],[24.7,30.04],[25,29.24],[25,25.68],[25,22]]],[[[47.79,8],[44.96,5],[43.66,4.96],[42.77,4.25],[42.13,4.23],[41.86,3.92],[41.17,3.92],[40.77,4.26],[39.85,3.84],[39.56,3.42],[38.89,3.5],[38.67,3.62],[38.44,3.59],[38.12,3.6],[36.86,4.45],[36.16,4.45],[35.82,4.78],[35.82,5.34],[35.3,5.51],[34.71,6.59],[34.25,6.83],[34.08,7.23],[33.57,7.71],[32.95,7.78],[33.29,8.35],[33.83,8.38],[33.97,8.68],[33.96,9.58],[34.26,10.63],[34.73,10.91],[34.83,11.32],[35.26,12.08],[35.86,12.58],[36.27,13.56],[36.43,14.42],[37.59,14.21],[37.91,14.96],[38.51,14.51],[39.1,14.74],[39.34,14.53],[40.03,14.52],[40.9,14.12],[41.16,13.77],[41.6,13.45],[42.01,12.87],[42.35,12.54],[42,12.1],[41.66,11.63],[41.74,11.36],[41.76,11.05],[42.31,11.03],[42.55,11.11],[42.78,10.93],[42.56,10.57],[42.93,10.02],[43.3,9.54],[43.68,9.18],[46.95,8],[47.79,8]]],[[[42.35,12.54],[42.78,12.46],[43.08,12.7],[43.32,12.39],[43.29,11.97],[42.72,11.74],[43.15,11.46],[42.78,10.93],[42.55,11.11],[42.31,11.03],[41.76,11.05],[41.74,11.36],[41.66,11.63],[42,12.1],[42.35,12.54]]],[[[48.95,11.41],[48.95,11.41],[48.94,11.39],[48.94,10.98],[48.94,9.97],[48.94,9.45],[48.49,8.84],[47.79,8],[46.95,8],[43.68,9.18],[43.3,9.54],[42.93,10.02],[42.56,10.57],[42.78,10.93],[43.15,11.46],[43.47,11.28],[43.67,10.86],[44.12,10.45],[44.61,10.44],[45.56,10.7],[46.65,10.82],[47.53,11.13],[48.02,11.19],[48.38,11.38],[48.95,11.41],[48.95,11.41]]],[[[33.9,-0.95],[31.87,-1.03],[30.77,-1.01],[30.42,-1.13],[29.82,-1.44],[29.58,-1.34],[29.59,-0.59],[29.82,-0.21],[29.88,0.6],[30.09,1.06],[30.47,1.58],[30.85,1.85],[31.17,2.2],[30.77,2.34],[30.83,3.51],[30.83,3.51],[31.25,3.78],[31.88,3.56],[32.69,3.79],[33.39,3.79],[34.01,4.25],[34.48,3.56],[34.6,3.05],[35.04,1.91],[34.67,1.18],[34.18,0.52],[33.89,0.11],[33.9,-0.95]]],[[[30.42,-1.13],[30.82,-1.7],[30.76,-2.29],[30.47,-2.41],[30.47,-2.41],[29.94,-2.35],[29.63,-2.92],[29.02,-2.84],[29.12,-2.29],[29.25,-2.22],[29.29,-1.62],[29.58,-1.34],[29.82,-1.44],[30.42,-1.13]]],[[[30.83,3.51],[29.95,4.17],[29.72,4.6],[29.16,4.39],[28.7,4.46],[28.43,4.29],[27.98,4.41],[27.37,5.23],[27.21,5.55],[26.47,5.95],[26.21,6.55],[25.8,6.98],[25.12,7.5],[25.11,7.83],[24.57,8.23],[23.89,8.62],[24.19,8.73],[24.54,8.92],[24.79,9.81],[25.07,10.27],[25.79,10.41],[25.96,10.14],[26.48,9.55],[26.75,9.47],[27.11,9.64],[27.83,9.6],[27.97,9.4],[28.97,9.4],[29,9.6],[29.52,9.79],[29.62,10.08],[30,10.29],[30.84,9.71],[31.35,9.81],[31.85,10.53],[32.4,11.08],[32.31,11.68],[32.07,11.97],[32.67,12.02],[32.74,12.25],[33.21,12.18],[33.09,11.44],[33.21,10.72],[33.72,10.33],[33.84,9.98],[33.82,9.48],[33.96,9.46],[33.97,8.68],[33.83,8.38],[33.29,8.35],[32.95,7.78],[33.57,7.71],[34.08,7.23],[34.25,6.83],[34.71,6.59],[35.3,5.51],[34.62,4.85],[34.01,4.25],[33.39,3.79],[32.69,3.79],[31.88,3.56],[31.25,3.78],[30.83,3.51]]]]}},{"type":"Feature","properties":{"role":"land","name":"Europa","interactive":false},"geometry":{"type":"MultiPolygon","coordinates":[[[[15.14,79.67],[15.52,80.02],[16.99,80.05],[18.25,79.7],[21.54,78.96],[19.03,78.56],[18.47,77.83],[17.59,77.64],[17.12,76.81],[15.91,76.77],[13.76,77.38],[14.67,77.74],[13.17,78.02],[11.22,78.87],[10.44,79.65],[13.17,80.01],[13.72,79.66],[15.14,79.67]]],[[[31.1,69.56],[29.4,69.16],[28.59,69.06],[29.02,69.77],[27.73,70.16],[26.18,69.83],[25.69,69.09],[24.74,68.65],[23.66,68.89],[22.36,68.84],[21.24,69.37],[20.65,69.11],[20.03,69.07],[19.88,68.41],[17.99,68.57],[17.73,68.01],[16.77,68.01],[16.11,67.3],[15.11,66.19],[13.56,64.79],[13.92,64.45],[13.57,64.05],[12.58,64.07],[11.93,63.13],[11.99,61.8],[12.63,61.29],[12.3,60.12],[11.47,59.43],[11.03,58.86],[10.36,59.47],[8.38,58.31],[7.05,58.08],[5.67,58.59],[5.31,59.66],[4.99,61.97],[5.91,62.61],[8.55,63.45],[10.53,64.49],[12.36,65.88],[14.76,67.81],[16.44,68.56],[19.18,69.82],[21.38,70.26],[23.02,70.2],[24.55,71.03],[26.37,70.99],[28.17,71.19],[31.29,70.45],[30.01,70.19],[31.1,69.56]]],[[[27.41,80.06],[25.92,79.52],[23.02,79.4],[20.08,79.57],[19.9,79.84],[18.46,79.86],[17.37,80.32],[20.46,80.6],[21.91,80.36],[22.92,80.66],[25.45,80.41],[27.41,80.06]]],[[[24.72,77.85],[22.49,77.44],[20.73,77.68],[21.42,77.94],[20.81,78.25],[22.88,78.45],[23.28,78.08],[24.72,77.85]]],[[[-51.66,4.16],[-52.25,3.24],[-52.56,2.5],[-52.94,2.12],[-53.42,2.05],[-53.55,2.33],[-53.78,2.38],[-54.09,2.11],[-54.52,2.31],[-54.27,2.73],[-54.18,3.19],[-54.01,3.62],[-54.4,4.21],[-54.48,4.9],[-53.96,5.76],[-53.62,5.65],[-52.88,5.41],[-51.82,4.57],[-51.66,4.16]]],[[[6.19,49.46],[6.66,49.2],[8.1,49.02],[7.59,48.33],[7.47,47.62],[7.19,47.45],[6.74,47.54],[6.77,47.29],[6.04,46.73],[6.02,46.27],[6.5,46.43],[6.84,45.99],[6.8,45.71],[7.1,45.33],[6.75,45.03],[7.01,44.25],[7.55,44.13],[7.44,43.69],[6.53,43.13],[4.56,43.4],[3.1,43.08],[2.99,42.47],[1.83,42.34],[0.7,42.8],[0.34,42.58],[-1.5,43.03],[-1.9,43.42],[-1.38,44.02],[-1.19,46.01],[-2.23,47.06],[-2.96,47.57],[-4.49,47.95],[-4.59,48.68],[-3.3,48.9],[-1.62,48.64],[-1.93,49.78],[-0.99,49.35],[1.34,50.13],[1.64,50.95],[2.51,51.15],[2.66,50.8],[3.12,50.78],[3.59,50.38],[4.29,49.91],[4.8,49.99],[5.67,49.53],[5.9,49.44],[6.19,49.46]]],[[[8.75,42.63],[9.39,43.01],[9.56,42.15],[9.23,41.38],[8.78,41.58],[8.54,42.26],[8.75,42.63]]],[[[11.03,58.86],[11.47,59.43],[12.3,60.12],[12.63,61.29],[11.99,61.8],[11.93,63.13],[12.58,64.07],[13.57,64.05],[13.92,64.45],[13.56,64.79],[15.11,66.19],[16.11,67.3],[16.77,68.01],[17.73,68.01],[17.99,68.57],[19.88,68.41],[20.03,69.07],[20.65,69.11],[21.98,68.62],[23.54,67.94],[23.57,66.4],[23.9,66.01],[22.18,65.72],[21.21,65.03],[21.37,64.41],[19.78,63.61],[17.85,62.75],[17.12,61.34],[17.83,60.64],[18.79,60.08],[17.87,58.95],[16.83,58.72],[16.45,57.04],[15.88,56.1],[14.67,56.2],[14.1,55.41],[12.94,55.36],[12.63,56.31],[11.79,57.44],[11.03,58.86]]],[[[28.18,56.17],[29.23,55.92],[29.37,55.67],[29.9,55.79],[30.87,55.55],[30.97,55.08],[30.76,54.81],[31.38,54.16],[31.79,53.97],[31.73,53.79],[32.41,53.62],[32.69,53.35],[32.3,53.13],[31.5,53.17],[31.31,53.07],[31.54,52.74],[31.79,52.1],[31.79,52.1],[30.93,52.04],[30.62,51.82],[30.56,51.32],[30.16,51.42],[29.25,51.37],[28.99,51.6],[28.62,51.43],[28.24,51.57],[27.45,51.59],[26.34,51.83],[25.33,51.91],[24.55,51.89],[24.01,51.62],[23.53,51.58],[23.51,52.02],[23.2,52.49],[23.8,52.69],[23.8,53.09],[23.53,53.47],[23.48,53.91],[24.45,53.91],[25.54,54.28],[25.77,54.85],[26.59,55.17],[26.49,55.62],[27.1,55.78],[28.18,56.17]]],[[[31.79,52.1],[32.16,52.06],[32.41,52.29],[32.72,52.24],[33.75,52.34],[34.39,51.77],[34.14,51.57],[34.22,51.26],[35.02,51.21],[35.38,50.77],[35.36,50.58],[36.63,50.23],[37.39,50.38],[38.01,49.92],[38.59,49.93],[40.07,49.6],[40.08,49.31],[39.67,48.78],[39.9,48.23],[39.74,47.9],[38.77,47.83],[38.26,47.55],[38.22,47.1],[37.43,47.02],[36.76,46.7],[35.82,46.65],[34.96,46.27],[35.01,45.74],[34.86,45.77],[34.73,45.97],[34.41,46.01],[33.7,46.22],[33.44,45.97],[33.3,46.08],[31.74,46.33],[31.68,46.71],[30.75,46.58],[30.38,46.03],[29.6,45.29],[29.15,45.46],[28.68,45.3],[28.23,45.49],[28.49,45.6],[28.66,45.94],[28.93,46.26],[28.86,46.44],[29.07,46.52],[29.17,46.38],[29.76,46.35],[30.02,46.42],[29.84,46.53],[29.91,46.67],[29.56,46.93],[29.42,47.35],[29.05,47.51],[29.12,47.85],[28.67,48.12],[28.26,48.16],[27.52,48.47],[26.86,48.37],[26.62,48.22],[26.2,48.22],[25.95,47.99],[25.21,47.89],[24.87,47.74],[24.4,47.98],[23.76,47.99],[23.14,48.1],[22.71,47.88],[22.64,48.15],[22.09,48.42],[22.28,48.83],[22.56,49.09],[22.78,49.03],[22.52,49.48],[23.43,50.31],[23.92,50.42],[24.03,50.71],[23.53,51.58],[24.01,51.62],[24.55,51.89],[25.33,51.91],[26.34,51.83],[27.45,51.59],[28.24,51.57],[28.62,51.43],[28.99,51.6],[29.25,51.37],[30.16,51.42],[30.56,51.32],[30.62,51.82],[30.93,52.04],[31.79,52.1]]],[[[23.48,53.91],[23.53,53.47],[23.8,53.09],[23.8,52.69],[23.2,52.49],[23.51,52.02],[23.53,51.58],[24.03,50.71],[23.92,50.42],[23.43,50.31],[22.52,49.48],[22.78,49.03],[22.56,49.09],[21.61,49.47],[20.89,49.33],[20.42,49.43],[19.83,49.22],[19.32,49.57],[18.91,49.44],[18.85,49.5],[18.39,49.99],[17.65,50.05],[17.55,50.36],[16.87,50.47],[16.72,50.22],[16.18,50.42],[16.24,50.7],[15.49,50.78],[15.02,51.11],[14.61,51.75],[14.69,52.09],[14.44,52.62],[14.07,52.98],[14.35,53.25],[14.12,53.76],[14.8,54.05],[16.36,54.51],[17.62,54.85],[18.62,54.68],[18.7,54.44],[19.66,54.43],[20.89,54.31],[22.73,54.33],[23.24,54.22],[23.48,53.91]]],[[[16.98,48.12],[16.9,47.71],[16.34,47.71],[16.53,47.5],[16.2,46.85],[16.01,46.68],[15.14,46.66],[14.63,46.43],[13.81,46.51],[12.38,46.77],[12.15,47.12],[11.16,46.94],[11.05,46.75],[10.44,46.89],[9.93,46.92],[9.48,47.1],[9.63,47.35],[9.59,47.53],[9.9,47.58],[10.4,47.3],[10.54,47.57],[11.43,47.52],[12.14,47.7],[12.62,47.67],[12.93,47.47],[13.03,47.64],[12.88,48.29],[13.24,48.42],[13.6,48.88],[14.34,48.56],[14.9,48.96],[15.25,49.04],[16.03,48.73],[16.5,48.79],[16.96,48.6],[16.88,48.47],[16.98,48.12]]],[[[22.09,48.42],[22.64,48.15],[22.71,47.88],[22.1,47.67],[21.63,46.99],[21.02,46.32],[20.22,46.13],[19.6,46.17],[18.83,45.91],[18.83,45.91],[18.46,45.76],[17.63,45.95],[16.88,46.38],[16.56,46.5],[16.37,46.84],[16.2,46.85],[16.53,47.5],[16.34,47.71],[16.9,47.71],[16.98,48.12],[17.49,47.87],[17.86,47.76],[18.7,47.88],[18.78,48.08],[19.17,48.11],[19.66,48.27],[19.77,48.2],[20.24,48.33],[20.47,48.56],[20.8,48.62],[21.87,48.32],[22.09,48.42]]],[[[26.62,48.22],[26.86,48.37],[27.52,48.47],[28.26,48.16],[28.67,48.12],[29.12,47.85],[29.05,47.51],[29.42,47.35],[29.56,46.93],[29.91,46.67],[29.84,46.53],[30.02,46.42],[29.76,46.35],[29.17,46.38],[29.07,46.52],[28.86,46.44],[28.93,46.26],[28.66,45.94],[28.49,45.6],[28.23,45.49],[28.05,45.94],[28.16,46.37],[28.13,46.81],[27.55,47.41],[27.23,47.83],[26.92,48.12],[26.62,48.22]]],[[[28.23,45.49],[28.68,45.3],[29.15,45.46],[29.6,45.29],[29.63,45.04],[29.14,44.82],[28.84,44.91],[28.56,43.71],[27.97,43.81],[27.24,44.18],[26.07,43.94],[25.57,43.69],[24.1,43.74],[23.33,43.9],[22.94,43.82],[22.66,44.23],[22.47,44.41],[22.71,44.58],[22.46,44.7],[22.15,44.48],[21.56,44.77],[21.48,45.18],[20.87,45.42],[20.76,45.73],[20.22,46.13],[21.02,46.32],[21.63,46.99],[22.1,47.67],[22.71,47.88],[23.14,48.1],[23.76,47.99],[24.4,47.98],[24.87,47.74],[25.21,47.89],[25.95,47.99],[26.2,48.22],[26.62,48.22],[26.92,48.12],[27.23,47.83],[27.55,47.41],[28.13,46.81],[28.16,46.37],[28.05,45.94],[28.23,45.49]]],[[[26.49,55.62],[26.59,55.17],[25.77,54.85],[25.54,54.28],[24.45,53.91],[23.48,53.91],[23.24,54.22],[22.73,54.33],[22.65,54.58],[22.76,54.86],[22.32,55.02],[21.27,55.19],[21.06,56.03],[22.2,56.34],[23.88,56.27],[24.86,56.37],[25,56.16],[25.53,56.1],[26.49,55.62]]],[[[27.29,57.47],[27.77,57.24],[27.86,56.76],[28.18,56.17],[27.1,55.78],[26.49,55.62],[25.53,56.1],[25,56.16],[24.86,56.37],[23.88,56.27],[22.2,56.34],[21.06,56.03],[21.09,56.78],[21.58,57.41],[22.52,57.75],[23.32,57.01],[24.12,57.03],[24.31,57.79],[25.16,57.97],[25.6,57.85],[26.46,57.48],[27.29,57.47]]],[[[27.98,59.48],[27.98,59.48],[28.13,59.3],[27.42,58.72],[27.72,57.79],[27.29,57.47],[26.46,57.48],[25.6,57.85],[25.16,57.97],[24.31,57.79],[24.43,58.38],[24.06,58.26],[23.43,58.61],[23.34,59.19],[24.6,59.47],[25.86,59.61],[26.95,59.45],[27.98,59.48],[27.98,59.48]]],[[[14.12,53.76],[14.35,53.25],[14.07,52.98],[14.44,52.62],[14.69,52.09],[14.61,51.75],[15.02,51.11],[14.57,51],[14.31,51.12],[14.06,50.93],[13.34,50.73],[12.97,50.48],[12.24,50.27],[12.42,49.97],[12.52,49.55],[13.03,49.31],[13.6,48.88],[13.24,48.42],[12.88,48.29],[13.03,47.64],[12.93,47.47],[12.62,47.67],[12.14,47.7],[11.43,47.52],[10.54,47.57],[10.4,47.3],[9.9,47.58],[9.59,47.53],[8.52,47.83],[8.32,47.61],[7.47,47.62],[7.59,48.33],[8.1,49.02],[6.66,49.2],[6.19,49.46],[6.24,49.9],[6.04,50.13],[6.16,50.8],[5.99,51.85],[6.59,51.85],[6.84,52.23],[7.09,53.14],[6.91,53.48],[7.1,53.69],[7.94,53.75],[8.12,53.53],[8.8,54.02],[8.57,54.4],[8.53,54.96],[9.28,54.83],[9.92,54.98],[9.94,54.6],[10.95,54.36],[10.94,54.01],[11.96,54.2],[12.52,54.47],[13.65,54.08],[14.12,53.76]]],[[[22.66,44.23],[22.94,43.82],[23.33,43.9],[24.1,43.74],[25.57,43.69],[26.07,43.94],[27.24,44.18],[27.97,43.81],[28.56,43.71],[28.04,43.29],[27.67,42.58],[28,42.01],[27.14,42.14],[26.12,41.83],[26.11,41.33],[25.2,41.23],[24.49,41.58],[23.69,41.31],[22.95,41.34],[22.88,42],[22.38,42.32],[22.55,42.46],[22.44,42.58],[22.6,42.9],[22.99,43.21],[22.5,43.64],[22.41,44.01],[22.66,44.23]]],[[[26.29,35.3],[26.16,35],[24.72,34.92],[24.74,35.08],[23.51,35.28],[23.7,35.71],[24.25,35.37],[25.03,35.42],[25.77,35.35],[25.75,35.18],[26.29,35.3]]],[[[22.95,41.34],[23.69,41.31],[24.49,41.58],[25.2,41.23],[26.11,41.33],[26.12,41.83],[26.6,41.56],[26.29,40.94],[26.06,40.82],[25.45,40.85],[24.93,40.95],[23.71,40.69],[24.41,40.12],[23.9,39.96],[23.34,39.96],[22.81,40.48],[22.63,40.26],[22.85,39.66],[23.35,39.19],[22.97,38.97],[23.53,38.51],[24.03,38.22],[24.04,37.66],[23.12,37.92],[23.41,37.41],[22.77,37.31],[23.15,36.42],[22.49,36.41],[21.67,36.84],[21.3,37.64],[21.12,38.31],[20.73,38.77],[20.22,39.34],[20.15,39.62],[20.62,40.11],[20.67,40.44],[21,40.58],[21.02,40.84],[21.67,40.93],[22.06,41.15],[22.6,41.13],[22.76,41.3],[22.95,41.34]]],[[[21.02,40.84],[21,40.58],[20.67,40.44],[20.62,40.11],[20.15,39.62],[19.98,39.69],[19.96,39.92],[19.41,40.25],[19.32,40.73],[19.4,41.41],[19.54,41.72],[19.37,41.88],[19.37,41.88],[19.3,42.2],[19.74,42.69],[19.8,42.5],[20.07,42.59],[20.28,42.32],[20.52,42.22],[20.59,41.86],[20.59,41.86],[20.46,41.52],[20.61,41.09],[21.02,40.84]]],[[[16.56,46.5],[16.88,46.38],[17.63,45.95],[18.46,45.76],[18.83,45.91],[19.07,45.52],[19.39,45.24],[19.01,44.86],[18.55,45.08],[17.86,45.07],[17,45.23],[16.53,45.21],[16.32,45],[15.96,45.23],[15.75,44.82],[16.24,44.35],[16.46,44.04],[16.92,43.67],[17.3,43.45],[17.67,43.03],[18.56,42.65],[18.45,42.48],[18.45,42.48],[17.51,42.85],[16.93,43.21],[16.02,43.51],[15.17,44.24],[15.38,44.32],[14.92,44.74],[14.9,45.08],[14.26,45.23],[13.95,44.8],[13.66,45.14],[13.68,45.48],[13.72,45.5],[14.41,45.47],[14.6,45.63],[14.94,45.47],[15.33,45.45],[15.32,45.73],[15.67,45.83],[15.77,46.24],[16.56,46.5]]],[[[9.59,47.53],[9.63,47.35],[9.48,47.1],[9.93,46.92],[10.44,46.89],[10.36,46.48],[9.92,46.31],[9.18,46.44],[8.97,46.04],[8.49,46.01],[8.32,46.16],[7.76,45.82],[7.27,45.78],[6.84,45.99],[6.5,46.43],[6.02,46.27],[6.04,46.73],[6.77,47.29],[6.74,47.54],[7.19,47.45],[7.47,47.62],[8.32,47.61],[8.52,47.83],[9.59,47.53]]],[[[6.04,50.13],[6.24,49.9],[6.19,49.46],[5.9,49.44],[5.67,49.53],[5.78,50.09],[6.04,50.13]]],[[[6.16,50.8],[6.04,50.13],[5.78,50.09],[5.67,49.53],[4.8,49.99],[4.29,49.91],[3.59,50.38],[3.12,50.78],[2.66,50.8],[2.51,51.15],[3.31,51.35],[3.32,51.35],[3.31,51.35],[4.05,51.27],[4.97,51.48],[5.61,51.04],[6.16,50.8]]],[[[6.91,53.48],[7.09,53.14],[6.84,52.23],[6.59,51.85],[5.99,51.85],[6.16,50.8],[5.61,51.04],[4.97,51.48],[4.05,51.27],[3.31,51.35],[3.32,51.35],[3.83,51.62],[4.71,53.09],[6.07,53.51],[6.91,53.48]]],[[[-9.03,41.88],[-8.67,42.13],[-8.26,42.28],[-8.01,41.79],[-7.42,41.79],[-7.25,41.92],[-6.67,41.88],[-6.39,41.38],[-6.85,41.11],[-6.86,40.33],[-7.03,40.18],[-7.07,39.71],[-7.5,39.63],[-7.1,39.03],[-7.37,38.37],[-7.03,38.08],[-7.17,37.8],[-7.54,37.43],[-7.45,37.1],[-7.86,36.84],[-8.38,36.98],[-8.9,36.87],[-8.75,37.65],[-8.84,38.27],[-9.29,38.36],[-9.53,38.74],[-9.45,39.39],[-9.05,39.76],[-8.98,40.16],[-8.77,40.76],[-8.79,41.18],[-8.99,41.54],[-9.03,41.88]]],[[[-7.45,37.1],[-7.54,37.43],[-7.17,37.8],[-7.03,38.08],[-7.37,38.37],[-7.1,39.03],[-7.5,39.63],[-7.07,39.71],[-7.03,40.18],[-6.86,40.33],[-6.85,41.11],[-6.39,41.38],[-6.67,41.88],[-7.25,41.92],[-7.42,41.79],[-8.01,41.79],[-8.26,42.28],[-8.67,42.13],[-9.03,41.88],[-8.98,42.59],[-9.39,43.03],[-7.98,43.75],[-6.75,43.57],[-5.41,43.57],[-4.35,43.4],[-3.52,43.46],[-1.9,43.42],[-1.5,43.03],[0.34,42.58],[0.7,42.8],[1.83,42.34],[2.99,42.47],[3.04,41.89],[2.09,41.23],[0.81,41.01],[0.72,40.68],[0.11,40.12],[-0.28,39.31],[0.11,38.74],[-0.47,38.29],[-0.68,37.64],[-1.44,37.44],[-2.15,36.67],[-3.42,36.66],[-4.37,36.68],[-5,36.32],[-5.38,35.95],[-5.87,36.03],[-6.24,36.37],[-6.52,36.94],[-7.45,37.1]]],[[[-6.2,53.87],[-6.03,53.15],[-6.79,52.26],[-8.56,51.67],[-9.98,51.82],[-9.17,52.86],[-9.69,53.88],[-8.33,54.66],[-7.57,55.13],[-7.37,54.6],[-7.57,54.06],[-6.95,54.07],[-6.2,53.87]]],[[[10.44,46.89],[11.05,46.75],[11.16,46.94],[12.15,47.12],[12.38,46.77],[13.81,46.51],[13.7,46.02],[13.94,45.59],[13.14,45.74],[12.33,45.38],[12.38,44.89],[12.26,44.6],[12.59,44.09],[13.53,43.59],[14.03,42.76],[15.14,41.96],[15.93,41.96],[16.17,41.74],[15.89,41.54],[16.79,41.18],[17.52,40.88],[18.38,40.36],[18.48,40.17],[18.29,39.81],[17.74,40.28],[16.87,40.44],[16.45,39.8],[17.17,39.42],[17.05,38.9],[16.64,38.84],[16.1,37.99],[15.68,37.91],[15.69,38.21],[15.89,38.75],[16.11,38.96],[15.72,39.54],[15.41,40.05],[15,40.17],[14.7,40.6],[14.06,40.79],[13.63,41.19],[12.89,41.25],[12.11,41.7],[11.19,42.36],[10.51,42.93],[10.2,43.92],[9.7,44.04],[8.89,44.37],[8.43,44.23],[7.85,43.77],[7.44,43.69],[7.55,44.13],[7.01,44.25],[6.75,45.03],[7.1,45.33],[6.8,45.71],[6.84,45.99],[7.27,45.78],[7.76,45.82],[8.32,46.16],[8.49,46.01],[8.97,46.04],[9.18,46.44],[9.92,46.31],[10.36,46.48],[10.44,46.89]]],[[[14.76,38.14],[15.52,38.23],[15.16,37.44],[15.31,37.13],[15.1,36.62],[14.34,37],[13.83,37.1],[12.43,37.61],[12.57,38.13],[13.74,38.03],[14.76,38.14]]],[[[8.71,40.9],[9.21,41.21],[9.81,40.5],[9.67,39.18],[9.21,39.24],[8.81,38.91],[8.43,39.17],[8.39,40.38],[8.16,40.95],[8.71,40.9]]],[[[9.92,54.98],[9.28,54.83],[8.53,54.96],[8.12,55.52],[8.09,56.54],[8.26,56.81],[8.54,57.11],[9.42,57.17],[9.78,57.45],[10.58,57.73],[10.55,57.22],[10.25,56.89],[10.37,56.61],[10.91,56.46],[10.67,56.08],[10.37,56.19],[9.65,55.47],[9.92,54.98]]],[[[12.37,56.11],[12.69,55.61],[12.09,54.8],[11.04,55.36],[10.9,55.78],[12.37,56.11]]],[[[-6.2,53.87],[-6.95,54.07],[-7.57,54.06],[-7.37,54.6],[-7.57,55.13],[-6.73,55.17],[-5.66,54.55],[-6.2,53.87]]],[[[-3.09,53.4],[-3.09,53.4],[-2.95,53.99],[-3.61,54.6],[-3.63,54.62],[-4.84,54.79],[-5.08,55.06],[-4.72,55.51],[-5.05,55.78],[-5.59,55.31],[-5.64,56.28],[-6.15,56.79],[-5.79,57.82],[-5.01,58.63],[-4.21,58.55],[-3.01,58.64],[-4.07,57.55],[-3.06,57.69],[-1.96,57.68],[-2.22,56.87],[-3.12,55.97],[-2.09,55.91],[-2.01,55.8],[-1.11,54.62],[-0.43,54.46],[0.18,53.33],[0.47,52.93],[1.68,52.74],[1.56,52.1],[1.05,51.81],[1.45,51.29],[0.55,50.77],[-0.79,50.77],[-2.49,50.5],[-2.96,50.7],[-3.62,50.23],[-4.54,50.34],[-5.25,49.96],[-5.78,50.16],[-4.31,51.21],[-3.41,51.43],[-3.42,51.43],[-4.98,51.59],[-5.27,51.99],[-4.22,52.3],[-4.77,52.84],[-4.58,53.5],[-3.09,53.4]]],[[[-14.51,66.46],[-14.74,65.81],[-13.61,65.13],[-14.91,64.36],[-17.79,63.68],[-18.66,63.5],[-19.97,63.64],[-22.76,63.96],[-21.78,64.4],[-23.96,64.89],[-22.18,65.08],[-22.23,65.38],[-24.33,65.61],[-23.65,66.26],[-22.13,66.41],[-20.58,65.73],[-19.06,66.28],[-17.8,65.99],[-16.17,66.53],[-14.51,66.46]]],[[[13.81,46.51],[14.63,46.43],[15.14,46.66],[16.01,46.68],[16.2,46.85],[16.37,46.84],[16.56,46.5],[15.77,46.24],[15.67,45.83],[15.32,45.73],[15.33,45.45],[14.94,45.47],[14.6,45.63],[14.41,45.47],[13.72,45.5],[13.94,45.59],[13.7,46.02],[13.81,46.51]]],[[[28.59,69.06],[28.45,68.36],[29.98,67.7],[29.05,66.94],[30.22,65.81],[29.54,64.95],[30.44,64.2],[30.04,63.55],[31.52,62.87],[31.14,62.36],[30.21,61.78],[28.07,60.5],[28.07,60.5],[28.07,60.5],[26.26,60.42],[24.5,60.06],[22.87,59.85],[22.29,60.39],[21.32,60.72],[21.54,61.71],[21.06,62.61],[21.54,63.19],[22.44,63.82],[24.73,64.9],[25.4,65.11],[25.29,65.53],[23.9,66.01],[23.57,66.4],[23.54,67.94],[21.98,68.62],[20.65,69.11],[21.24,69.37],[22.36,68.84],[23.66,68.89],[24.74,68.65],[25.69,69.09],[26.18,69.83],[27.73,70.16],[29.02,69.77],[28.59,69.06]]],[[[22.56,49.09],[22.28,48.83],[22.09,48.42],[21.87,48.32],[20.8,48.62],[20.47,48.56],[20.24,48.33],[19.77,48.2],[19.66,48.27],[19.17,48.11],[18.78,48.08],[18.7,47.88],[17.86,47.76],[17.49,47.87],[16.98,48.12],[16.88,48.47],[16.96,48.6],[17.1,48.82],[17.55,48.8],[17.89,48.9],[17.91,49],[18.1,49.04],[18.17,49.27],[18.4,49.32],[18.55,49.5],[18.85,49.5],[18.91,49.44],[19.32,49.57],[19.83,49.22],[20.42,49.43],[20.89,49.33],[21.61,49.47],[22.56,49.09]]],[[[15.02,51.11],[15.49,50.78],[16.24,50.7],[16.18,50.42],[16.72,50.22],[16.87,50.47],[17.55,50.36],[17.65,50.05],[18.39,49.99],[18.85,49.5],[18.55,49.5],[18.4,49.32],[18.17,49.27],[18.1,49.04],[17.91,49],[17.89,48.9],[17.55,48.8],[17.1,48.82],[16.96,48.6],[16.5,48.79],[16.03,48.73],[15.25,49.04],[14.9,48.96],[14.34,48.56],[13.6,48.88],[13.03,49.31],[12.52,49.55],[12.42,49.97],[12.24,50.27],[12.97,50.48],[13.34,50.73],[14.06,50.93],[14.31,51.12],[14.57,51],[15.02,51.11]]],[[[18.56,42.65],[17.67,43.03],[17.3,43.45],[16.92,43.67],[16.46,44.04],[16.24,44.35],[15.75,44.82],[15.96,45.23],[16.32,45],[16.53,45.21],[17,45.23],[17.86,45.07],[18.55,45.08],[19.01,44.86],[19.01,44.86],[19.37,44.86],[19.12,44.42],[19.6,44.04],[19.45,43.57],[19.22,43.52],[19.03,43.43],[18.71,43.2],[18.56,42.65]]],[[[22.38,42.32],[22.88,42],[22.95,41.34],[22.76,41.3],[22.6,41.13],[22.06,41.15],[21.67,40.93],[21.02,40.84],[20.61,41.09],[20.46,41.52],[20.59,41.86],[20.59,41.86],[20.72,41.85],[20.76,42.05],[21.35,42.21],[21.58,42.25],[21.92,42.3],[22.38,42.32]]],[[[18.83,45.91],[18.83,45.91],[19.6,46.17],[20.22,46.13],[20.76,45.73],[20.87,45.42],[21.48,45.18],[21.56,44.77],[22.15,44.48],[22.46,44.7],[22.71,44.58],[22.47,44.41],[22.66,44.23],[22.41,44.01],[22.5,43.64],[22.99,43.21],[22.6,42.9],[22.44,42.58],[22.55,42.46],[22.38,42.32],[21.92,42.3],[21.58,42.25],[21.54,42.32],[21.66,42.44],[21.78,42.68],[21.63,42.68],[21.44,42.86],[21.27,42.91],[21.14,43.07],[20.96,43.13],[20.81,43.27],[20.64,43.22],[20.5,42.88],[20.26,42.81],[20.34,42.9],[19.96,43.11],[19.63,43.21],[19.48,43.35],[19.22,43.52],[19.45,43.57],[19.6,44.04],[19.12,44.42],[19.37,44.86],[19.01,44.86],[19.01,44.86],[19.39,45.24],[19.07,45.52],[18.83,45.91]]],[[[20.07,42.59],[19.8,42.5],[19.74,42.69],[19.3,42.2],[19.37,41.88],[19.16,41.96],[18.88,42.28],[18.45,42.48],[18.56,42.65],[18.71,43.2],[19.03,43.43],[19.22,43.52],[19.48,43.35],[19.63,43.21],[19.96,43.11],[20.34,42.9],[20.26,42.81],[20.07,42.59]]],[[[20.59,41.86],[20.52,42.22],[20.28,42.32],[20.07,42.59],[20.26,42.81],[20.5,42.88],[20.64,43.22],[20.81,43.27],[20.96,43.13],[21.14,43.07],[21.27,42.91],[21.44,42.86],[21.63,42.68],[21.78,42.68],[21.66,42.44],[21.54,42.32],[21.58,42.25],[21.35,42.21],[20.76,42.05],[20.72,41.85],[20.59,41.86]]]]}},{"type":"Feature","properties":{"role":"land","name":"Azja","interactive":false},"geometry":{"type":"MultiPolygon","coordinates":[[[[87.36,49.21],[86.6,48.55],[85.77,48.46],[85.72,47.45],[85.16,47],[83.18,47.33],[82.46,45.54],[81.95,45.32],[79.97,44.92],[80.87,43.18],[80.18,42.92],[80.26,42.35],[79.64,42.5],[79.14,42.86],[77.66,42.96],[76,42.99],[75.64,42.88],[74.21,43.3],[73.65,43.09],[73.49,42.5],[71.84,42.85],[71.19,42.7],[70.96,42.27],[70.39,42.08],[69.07,41.38],[68.63,40.67],[68.26,40.66],[67.99,41.14],[66.71,41.17],[66.51,41.99],[66.02,41.99],[66.1,43],[64.9,43.73],[63.19,43.65],[62.01,43.5],[61.06,44.41],[60.24,44.78],[58.69,45.5],[58.5,45.59],[55.93,45],[55.97,41.31],[55.46,41.26],[54.76,42.04],[54.08,42.32],[52.94,42.12],[52.5,41.78],[52.45,42.03],[52.69,42.44],[52.5,42.79],[51.34,43.13],[50.89,44.03],[50.34,44.28],[50.31,44.61],[51.28,44.51],[51.32,45.25],[52.17,45.41],[53.04,45.26],[53.22,46.23],[53.04,46.85],[52.04,46.8],[51.19,47.05],[50.03,46.61],[49.1,46.4],[48.59,46.56],[48.69,47.08],[48.06,47.74],[47.32,47.72],[46.47,48.39],[47.04,49.15],[46.75,49.36],[47.55,50.45],[48.58,49.87],[48.7,50.61],[50.77,51.69],[52.33,51.72],[54.53,51.03],[55.72,50.62],[56.78,51.04],[58.36,51.06],[59.64,50.55],[59.93,50.84],[61.34,50.8],[61.59,51.27],[59.97,51.96],[60.93,52.45],[60.74,52.72],[61.7,52.98],[60.98,53.66],[61.44,54.01],[65.18,54.35],[65.67,54.6],[68.17,54.97],[69.07,55.39],[70.87,55.17],[71.18,54.13],[72.22,54.38],[73.51,54.04],[73.43,53.49],[74.38,53.55],[76.89,54.49],[76.53,54.18],[77.8,53.4],[80.04,50.86],[80.57,51.39],[81.95,50.81],[83.38,51.07],[83.94,50.89],[84.42,50.31],[85.12,50.12],[85.54,49.69],[86.83,49.83],[87.36,49.21]]],[[[55.97,41.31],[55.93,45],[58.5,45.59],[58.69,45.5],[60.24,44.78],[61.06,44.41],[62.01,43.5],[63.19,43.65],[64.9,43.73],[66.1,43],[66.02,41.99],[66.51,41.99],[66.71,41.17],[67.99,41.14],[68.26,40.66],[68.63,40.67],[69.07,41.38],[70.39,42.08],[70.96,42.27],[71.26,42.17],[70.42,41.52],[71.16,41.14],[71.87,41.39],[73.06,40.87],[71.77,40.15],[71.01,40.24],[70.6,40.22],[70.46,40.5],[70.67,40.96],[69.33,40.73],[69.01,40.09],[68.54,39.53],[67.7,39.58],[67.44,39.14],[68.18,38.9],[68.39,38.16],[67.83,37.14],[67.08,37.36],[66.52,37.36],[66.55,37.97],[65.22,38.4],[64.17,38.89],[63.52,39.36],[62.37,40.05],[61.88,41.08],[61.55,41.27],[60.47,41.22],[60.08,41.43],[59.98,42.22],[58.63,42.75],[57.79,42.17],[56.93,41.83],[57.1,41.32],[55.97,41.31]]],[[[141,-2.6],[141.02,-5.86],[141.03,-9.12],[140.14,-8.3],[139.13,-8.1],[138.88,-8.38],[137.61,-8.41],[138.04,-7.6],[138.67,-7.32],[138.41,-6.23],[137.93,-5.39],[135.99,-4.55],[135.16,-4.46],[133.66,-3.54],[133.37,-4.02],[132.98,-4.11],[132.76,-3.75],[132.75,-3.31],[131.99,-2.82],[133.07,-2.46],[133.78,-2.48],[133.7,-2.21],[132.23,-2.21],[131.84,-1.62],[130.94,-1.43],[130.52,-0.94],[131.87,-0.7],[132.38,-0.37],[133.99,-0.78],[134.14,-1.15],[134.42,-2.77],[135.46,-3.37],[136.29,-2.31],[137.44,-1.7],[138.33,-1.7],[139.18,-2.05],[139.93,-2.41],[141,-2.6]]],[[[124.97,-8.89],[125.07,-9.09],[125.09,-9.39],[124.44,-10.14],[123.58,-10.36],[123.46,-10.24],[123.55,-9.9],[123.98,-9.29],[124.97,-8.89]]],[[[134.21,-6.9],[134.11,-6.14],[134.29,-5.78],[134.5,-5.45],[134.73,-5.74],[134.72,-6.21],[134.21,-6.9]]],[[[117.88,4.14],[117.31,3.23],[118.05,2.29],[117.88,1.83],[119,0.9],[117.81,0.78],[117.48,0.1],[117.52,-0.8],[116.56,-1.49],[116.53,-2.48],[116.15,-4.01],[116,-3.66],[114.86,-4.11],[114.47,-3.5],[113.76,-3.44],[113.26,-3.12],[112.07,-3.48],[111.7,-2.99],[111.05,-3.05],[110.22,-2.93],[110.07,-1.59],[109.57,-1.31],[109.09,-0.46],[108.95,0.42],[109.07,1.34],[109.66,2.01],[109.83,1.34],[110.51,0.77],[111.16,0.98],[111.8,0.9],[112.38,1.41],[112.86,1.5],[113.81,1.22],[114.62,1.43],[115.13,2.82],[115.52,3.17],[115.87,4.31],[117.02,4.31],[117.88,4.14]]],[[[129.37,-2.8],[130.47,-3.09],[130.83,-3.86],[129.99,-3.45],[129.16,-3.36],[128.59,-3.43],[127.9,-3.39],[128.14,-2.84],[129.37,-2.8]]],[[[126.87,-3.79],[126.18,-3.61],[125.99,-3.18],[127,-3.13],[127.25,-3.46],[126.87,-3.79]]],[[[127.93,2.17],[128,1.63],[128.59,1.54],[128.69,1.13],[128.64,0.26],[128.12,0.36],[127.97,-0.25],[128.38,-0.78],[128.1,-0.9],[127.7,-0.27],[127.4,1.01],[127.6,1.81],[127.93,2.17]]],[[[122.93,0.88],[124.08,0.92],[125.07,1.64],[125.24,1.42],[124.44,0.43],[123.69,0.24],[122.72,0.43],[121.06,0.38],[120.18,0.24],[120.04,-0.52],[120.94,-1.41],[121.48,-0.96],[123.34,-0.62],[123.26,-1.08],[122.82,-0.93],[122.39,-1.52],[121.51,-1.9],[122.45,-3.19],[122.27,-3.53],[123.17,-4.68],[123.16,-5.34],[122.63,-5.63],[122.24,-5.28],[122.72,-4.46],[121.74,-4.85],[121.49,-4.57],[121.62,-4.19],[120.9,-3.6],[120.97,-2.63],[120.31,-2.93],[120.39,-4.1],[120.43,-5.53],[119.8,-5.67],[119.37,-5.38],[119.65,-4.46],[119.5,-3.49],[119.08,-3.49],[118.77,-2.8],[119.18,-2.15],[119.32,-1.35],[119.83,0.15],[120.04,0.57],[120.89,1.31],[121.67,1.01],[122.93,0.88]]],[[[120.3,-10.26],[118.97,-9.56],[119.9,-9.36],[120.43,-9.67],[120.78,-9.97],[120.72,-10.24],[120.3,-10.26]]],[[[121.34,-8.54],[122.01,-8.46],[122.9,-8.09],[122.76,-8.65],[121.25,-8.93],[119.92,-8.81],[119.92,-8.44],[120.72,-8.24],[121.34,-8.54]]],[[[118.26,-8.36],[118.88,-8.28],[119.13,-8.71],[117.97,-8.91],[117.28,-9.04],[116.74,-9.03],[117.08,-8.46],[117.63,-8.45],[117.9,-8.1],[118.26,-8.36]]],[[[108.49,-6.42],[108.62,-6.78],[110.54,-6.88],[110.76,-6.47],[112.61,-6.95],[112.98,-7.59],[114.48,-7.78],[115.71,-8.37],[114.56,-8.75],[113.46,-8.35],[112.56,-8.38],[111.52,-8.3],[110.59,-8.12],[109.43,-7.74],[108.69,-7.64],[108.28,-7.77],[106.45,-7.35],[106.28,-6.92],[105.37,-6.85],[106.05,-5.9],[107.27,-5.95],[108.07,-6.35],[108.49,-6.42]]],[[[104.37,-1.08],[104.54,-1.78],[104.89,-2.34],[105.62,-2.43],[106.11,-3.06],[105.86,-4.31],[105.82,-5.85],[104.71,-5.87],[103.87,-5.04],[102.58,-4.22],[102.16,-3.61],[101.4,-2.8],[100.9,-2.05],[100.14,-0.65],[99.26,0.18],[98.97,1.04],[98.6,1.82],[97.7,2.45],[97.18,3.31],[96.42,3.87],[95.38,4.97],[95.29,5.48],[95.94,5.44],[97.48,5.25],[98.37,4.27],[99.14,3.59],[99.69,3.17],[100.64,2.1],[101.66,2.08],[102.5,1.4],[103.08,0.56],[103.84,0.1],[103.44,-0.71],[104.01,-1.06],[104.37,-1.08]]],[[[178.73,71.1],[180,71.52],[180,70.83],[178.9,70.78],[178.73,71.1]]],[[[49.1,46.4],[48.65,45.81],[47.68,45.64],[46.68,44.61],[47.59,43.66],[47.49,42.99],[48.58,41.81],[48.58,41.81],[47.99,41.41],[47.82,41.15],[47.37,41.22],[46.69,41.83],[46.4,41.86],[45.78,42.09],[45.47,42.5],[44.54,42.71],[43.93,42.55],[43.76,42.74],[42.39,43.22],[40.92,43.38],[40.08,43.55],[39.96,43.43],[38.68,44.28],[37.54,44.66],[36.68,45.24],[37.4,45.4],[38.23,46.24],[37.67,46.64],[39.15,47.04],[39.12,47.26],[38.22,47.1],[38.26,47.55],[38.77,47.83],[39.74,47.9],[39.9,48.23],[39.67,48.78],[40.08,49.31],[40.07,49.6],[38.59,49.93],[38.01,49.92],[37.39,50.38],[36.63,50.23],[35.36,50.58],[35.38,50.77],[35.02,51.21],[34.22,51.26],[34.14,51.57],[34.39,51.77],[33.75,52.34],[32.72,52.24],[32.41,52.29],[32.16,52.06],[31.79,52.1],[31.79,52.1],[31.54,52.74],[31.31,53.07],[31.5,53.17],[32.3,53.13],[32.69,53.35],[32.41,53.62],[31.73,53.79],[31.79,53.97],[31.38,54.16],[30.76,54.81],[30.97,55.08],[30.87,55.55],[29.9,55.79],[29.37,55.67],[29.23,55.92],[28.18,56.17],[27.86,56.76],[27.77,57.24],[27.29,57.47],[27.72,57.79],[27.42,58.72],[28.13,59.3],[27.98,59.48],[27.98,59.48],[29.12,60.03],[28.07,60.5],[28.07,60.5],[30.21,61.78],[31.14,62.36],[31.52,62.87],[30.04,63.55],[30.44,64.2],[29.54,64.95],[30.22,65.81],[29.05,66.94],[29.98,67.7],[28.45,68.36],[28.59,69.06],[29.4,69.16],[31.1,69.56],[31.1,69.56],[32.13,69.91],[33.78,69.3],[36.51,69.06],[40.29,67.93],[41.06,67.46],[41.13,66.79],[40.02,66.27],[38.38,66],[33.92,66.76],[33.18,66.63],[34.81,65.9],[34.88,65.44],[34.94,64.41],[36.23,64.11],[37.01,63.85],[37.14,64.33],[36.54,64.76],[37.18,65.14],[39.59,64.52],[40.44,64.76],[39.76,65.5],[42.09,66.48],[43.02,66.42],[43.95,66.07],[44.53,66.76],[43.7,67.35],[44.19,67.95],[43.45,68.57],[46.25,68.25],[46.82,67.69],[45.56,67.57],[45.56,67.01],[46.35,66.67],[47.89,66.88],[48.14,67.52],[50.23,68],[53.72,68.86],[54.47,68.81],[53.49,68.2],[54.73,68.1],[55.44,68.44],[57.32,68.47],[58.8,68.88],[59.94,68.28],[61.08,68.94],[60.03,69.52],[60.55,69.85],[63.5,69.55],[64.89,69.23],[68.51,68.09],[69.18,68.62],[68.16,69.14],[68.14,69.36],[66.93,69.45],[67.26,69.93],[66.72,70.71],[66.69,71.03],[68.54,71.93],[69.2,72.84],[69.94,73.04],[72.59,72.78],[72.8,72.22],[71.85,71.41],[72.47,71.09],[72.79,70.39],[72.56,69.02],[73.67,68.41],[73.24,67.74],[71.28,66.32],[72.42,66.17],[72.82,66.53],[73.92,66.79],[74.19,67.28],[75.05,67.76],[74.47,68.33],[74.94,68.99],[73.84,69.07],[73.6,69.63],[74.4,70.63],[73.1,71.45],[74.89,72.12],[74.66,72.83],[75.16,72.85],[75.68,72.3],[75.29,71.34],[76.36,71.15],[75.9,71.87],[77.58,72.27],[79.65,72.32],[81.5,71.75],[80.61,72.58],[80.51,73.65],[82.25,73.85],[84.66,73.81],[86.82,73.94],[86.01,74.46],[87.17,75.12],[88.32,75.14],[90.26,75.64],[92.9,75.77],[93.23,76.05],[95.86,76.14],[96.68,75.92],[98.92,76.45],[100.76,76.43],[101.04,76.86],[101.99,77.29],[104.35,77.7],[106.07,77.37],[104.71,77.13],[106.97,76.97],[107.24,76.48],[108.15,76.72],[111.08,76.71],[113.33,76.22],[114.13,75.85],[113.89,75.33],[112.78,75.03],[110.15,74.48],[109.4,74.18],[110.64,74.04],[112.12,73.79],[113.02,73.98],[113.53,73.34],[113.97,73.59],[115.57,73.75],[118.78,73.59],[119.02,73.12],[123.2,72.97],[123.26,73.74],[125.38,73.56],[126.98,73.57],[128.59,73.04],[129.05,72.4],[128.46,71.98],[129.72,71.19],[131.29,70.79],[132.25,71.84],[133.86,71.39],[135.56,71.66],[137.5,71.35],[138.23,71.63],[139.87,71.49],[139.15,72.42],[140.47,72.85],[149.5,72.2],[150.35,71.61],[152.97,70.84],[157.01,71.03],[159,70.87],[159.83,70.45],[159.71,69.72],[160.94,69.44],[162.28,69.64],[164.05,69.67],[165.94,69.47],[167.84,69.58],[169.58,68.69],[170.82,69.01],[170.01,69.65],[170.45,70.1],[173.64,69.82],[175.72,69.88],[178.6,69.4],[180,68.96],[180,64.98],[179.99,64.97],[178.71,64.53],[177.41,64.61],[178.31,64.08],[178.91,63.25],[179.37,62.98],[179.49,62.57],[179.23,62.3],[177.36,62.52],[174.57,61.77],[173.68,61.65],[172.15,60.95],[170.7,60.34],[170.33,59.88],[168.9,60.57],[166.29,59.79],[165.84,60.16],[164.88,59.73],[163.54,59.87],[163.22,59.21],[162.02,58.24],[162.05,57.84],[163.19,57.62],[163.06,56.16],[162.13,56.12],[161.7,55.29],[162.12,54.86],[160.37,54.34],[160.02,53.2],[158.53,52.96],[158.23,51.94],[156.79,51.01],[156.42,51.7],[155.99,53.16],[155.43,55.38],[155.91,56.77],[156.76,57.36],[156.81,57.83],[158.36,58.06],[160.15,59.31],[161.87,60.34],[163.67,61.14],[164.47,62.55],[163.26,62.47],[162.66,61.64],[160.12,60.54],[159.3,61.77],[156.72,61.43],[154.22,59.76],[155.04,59.14],[152.81,58.88],[151.27,58.78],[151.34,59.5],[149.78,59.66],[148.54,59.16],[145.49,59.34],[142.2,59.04],[138.96,57.09],[135.13,54.73],[136.7,54.6],[137.19,53.98],[138.16,53.76],[138.8,54.25],[139.9,54.19],[141.35,53.09],[141.38,52.24],[140.6,51.24],[140.51,50.05],[140.06,48.45],[138.55,47],[138.22,46.31],[136.86,45.14],[135.52,43.99],[134.87,43.4],[133.54,42.81],[132.91,42.8],[132.28,43.28],[130.94,42.55],[130.78,42.22],[130.78,42.22],[130.78,42.22],[130.78,42.22],[130.64,42.4],[130.64,42.4],[130.63,42.9],[131.14,42.93],[131.29,44.11],[131.03,44.97],[131.88,45.32],[133.1,45.14],[133.77,46.12],[134.11,47.21],[134.5,47.58],[135.03,48.48],[133.37,48.18],[132.51,47.79],[130.99,47.79],[130.58,48.73],[129.4,49.44],[127.66,49.76],[127.29,50.74],[126.94,51.35],[126.56,51.78],[125.95,52.79],[125.07,53.16],[123.57,53.46],[122.25,53.43],[121,53.25],[120.18,52.75],[120.73,52.52],[120.74,51.96],[120.18,51.64],[119.28,50.58],[119.29,50.14],[117.88,49.51],[116.68,49.89],[115.49,49.81],[114.96,50.14],[114.36,50.25],[112.9,49.54],[111.58,49.38],[110.66,49.13],[109.4,49.29],[108.48,49.28],[107.87,49.79],[106.89,50.27],[105.89,50.41],[104.62,50.28],[103.68,50.09],[102.26,50.51],[102.07,51.26],[100.89,51.52],[99.98,51.63],[98.86,52.05],[97.83,51.01],[98.23,50.42],[97.26,49.73],[95.81,49.98],[94.82,50.01],[94.15,50.48],[93.1,50.5],[92.23,50.8],[90.71,50.33],[88.81,49.47],[87.75,49.3],[87.36,49.21],[86.83,49.83],[85.54,49.69],[85.12,50.12],[84.42,50.31],[83.94,50.89],[83.38,51.07],[81.95,50.81],[80.57,51.39],[80.04,50.86],[77.8,53.4],[76.53,54.18],[76.89,54.49],[74.38,53.55],[73.43,53.49],[73.51,54.04],[72.22,54.38],[71.18,54.13],[70.87,55.17],[69.07,55.39],[68.17,54.97],[65.67,54.6],[65.18,54.35],[61.44,54.01],[60.98,53.66],[61.7,52.98],[60.74,52.72],[60.93,52.45],[59.97,51.96],[61.59,51.27],[61.34,50.8],[59.93,50.84],[59.64,50.55],[58.36,51.06],[56.78,51.04],[55.72,50.62],[54.53,51.03],[52.33,51.72],[50.77,51.69],[48.7,50.61],[48.58,49.87],[47.55,50.45],[46.75,49.36],[47.04,49.15],[46.47,48.39],[47.32,47.72],[48.06,47.74],[48.69,47.08],[48.59,46.56],[49.1,46.4]]],[[[93.78,81.02],[95.94,81.25],[97.88,80.75],[100.19,79.78],[99.94,78.88],[97.76,78.76],[94.97,79.04],[93.31,79.43],[92.55,80.14],[91.18,80.34],[93.78,81.02]]],[[[102.84,79.28],[105.37,78.71],[105.08,78.31],[99.44,77.92],[101.26,79.23],[102.09,79.35],[102.84,79.28]]],[[[138.83,76.14],[141.47,76.09],[145.09,75.56],[144.3,74.82],[140.61,74.85],[138.96,74.61],[136.97,75.26],[137.51,75.95],[138.83,76.14]]],[[[148.22,75.35],[150.73,75.08],[149.58,74.69],[147.98,74.78],[146.12,75.17],[146.36,75.5],[148.22,75.35]]],[[[139.86,73.37],[140.81,73.77],[142.06,73.86],[143.48,73.48],[143.6,73.21],[142.09,73.21],[140.04,73.32],[139.86,73.37]]],[[[44.85,80.59],[46.8,80.77],[48.32,80.78],[48.52,80.51],[49.1,80.75],[50.04,80.92],[51.52,80.7],[51.14,80.55],[49.79,80.42],[48.89,80.34],[48.75,80.18],[47.59,80.01],[46.5,80.25],[47.07,80.56],[44.85,80.59]]],[[[22.73,54.33],[20.89,54.31],[19.66,54.43],[19.89,54.87],[21.27,55.19],[22.32,55.02],[22.76,54.86],[22.65,54.58],[22.73,54.33]]],[[[53.51,73.75],[55.9,74.63],[55.63,75.08],[57.87,75.61],[61.17,76.25],[64.5,76.44],[66.21,76.81],[68.16,76.94],[68.85,76.54],[68.18,76.23],[64.64,75.74],[61.58,75.26],[58.48,74.31],[56.99,73.33],[55.42,72.37],[55.62,71.54],[57.54,70.72],[56.94,70.63],[53.68,70.76],[53.41,71.21],[51.6,71.47],[51.46,72.01],[52.48,72.23],[52.44,72.77],[54.43,73.63],[53.51,73.75]]],[[[142.91,53.7],[143.26,52.74],[143.24,51.76],[143.65,50.75],[144.65,48.98],[143.17,49.31],[142.56,47.86],[143.53,46.84],[143.51,46.14],[142.75,46.74],[142.09,45.97],[141.91,46.81],[142.02,47.78],[141.9,48.86],[142.14,49.62],[142.18,50.95],[141.59,51.94],[141.68,53.3],[142.61,53.76],[142.21,54.23],[142.65,54.37],[142.91,53.7]]],[[[-174.93,67.21],[-175.01,66.58],[-174.34,66.34],[-174.57,67.06],[-171.86,66.91],[-169.9,65.98],[-170.89,65.54],[-172.53,65.44],[-172.55,64.46],[-172.96,64.25],[-173.89,64.28],[-174.65,64.63],[-175.98,64.92],[-176.21,65.36],[-177.22,65.52],[-178.36,65.39],[-178.9,65.74],[-178.69,66.11],[-179.88,65.87],[-179.43,65.4],[-180,64.98],[-180,68.96],[-177.55,68.2],[-174.93,67.21]]],[[[-178.69,70.89],[-180,70.83],[-180,71.52],[-179.87,71.56],[-179.02,71.56],[-177.58,71.27],[-177.66,71.13],[-178.69,70.89]]],[[[33.44,45.97],[33.7,46.22],[34.41,46.01],[34.73,45.97],[34.86,45.77],[35.01,45.74],[35.02,45.65],[35.51,45.41],[36.53,45.47],[36.33,45.11],[35.24,44.94],[33.88,44.36],[33.33,44.56],[33.55,45.03],[32.45,45.33],[32.63,45.52],[33.59,45.85],[33.44,45.97]]],[[[124.97,-8.89],[125.09,-8.66],[125.95,-8.43],[126.64,-8.4],[126.96,-8.27],[127.34,-8.4],[126.97,-8.67],[125.93,-9.11],[125.09,-9.39],[125.07,-9.09],[124.97,-8.89]]],[[[35.72,32.71],[35.55,32.39],[35.18,32.53],[34.97,31.87],[35.23,31.75],[34.97,31.62],[34.93,31.35],[35.4,31.49],[35.42,31.1],[34.92,29.5],[34.82,29.76],[34.27,31.22],[34.27,31.22],[34.27,31.22],[34.56,31.55],[34.49,31.61],[34.75,32.07],[34.96,32.83],[35.1,33.08],[35.13,33.09],[35.46,33.09],[35.55,33.26],[35.82,33.28],[35.84,32.87],[35.7,32.72],[35.72,32.71]]],[[[35.82,33.28],[35.55,33.26],[35.46,33.09],[35.13,33.09],[35.48,33.91],[35.98,34.61],[36,34.64],[36.45,34.59],[36.61,34.2],[36.07,33.82],[35.82,33.28]]],[[[35.4,31.49],[34.93,31.35],[34.97,31.62],[35.23,31.75],[34.97,31.87],[35.18,32.53],[35.55,32.39],[35.55,31.78],[35.4,31.49]]],[[[35.55,32.39],[35.72,32.71],[36.83,32.31],[38.79,33.38],[39.2,32.16],[39,32.01],[37,31.51],[38,30.51],[37.67,30.34],[37.5,30],[36.74,29.87],[36.5,29.51],[36.07,29.2],[34.96,29.36],[34.92,29.5],[35.42,31.1],[35.4,31.49],[35.55,31.78],[35.55,32.39]]],[[[51.58,24.25],[51.76,24.29],[51.79,24.02],[52.58,24.18],[53.4,24.15],[54.01,24.12],[54.69,24.8],[55.44,25.44],[56.07,26.06],[56.26,25.71],[56.4,24.92],[55.89,24.92],[55.8,24.27],[55.98,24.13],[55.53,23.93],[55.53,23.52],[55.23,23.11],[55.21,22.71],[55.01,22.5],[52,23],[51.62,24.01],[51.58,24.25]]],[[[50.81,24.75],[50.74,25.48],[51.01,26.01],[51.29,26.11],[51.59,25.8],[51.61,25.22],[51.39,24.63],[51.11,24.56],[50.81,24.75]]],[[[47.97,29.98],[48.18,29.53],[48.09,29.31],[48.42,28.55],[47.71,28.53],[47.46,29],[46.57,29.1],[47.3,30.06],[47.97,29.98]]],[[[39.2,32.16],[38.79,33.38],[41.01,34.42],[41.38,35.63],[41.29,36.36],[41.84,36.61],[42.35,37.23],[42.78,37.39],[43.94,37.26],[44.29,37],[44.77,37.17],[45.42,35.98],[46.08,35.68],[46.15,35.09],[45.65,34.75],[45.42,33.97],[46.11,33.02],[47.33,32.47],[47.85,31.71],[47.69,30.98],[48,30.99],[48.01,30.45],[48.57,29.93],[47.97,29.98],[47.3,30.06],[46.57,29.1],[44.71,29.18],[41.89,31.19],[40.4,31.89],[39.2,32.16]]],[[[55.21,22.71],[55.23,23.11],[55.53,23.52],[55.53,23.93],[55.98,24.13],[55.8,24.27],[55.89,24.92],[56.4,24.92],[56.85,24.24],[57.4,23.88],[58.14,23.75],[58.73,23.57],[59.18,22.99],[59.45,22.66],[59.81,22.53],[59.81,22.31],[59.44,21.71],[59.28,21.43],[58.86,21.11],[58.49,20.43],[58.03,20.48],[57.83,20.24],[57.67,19.74],[57.79,19.07],[57.69,18.94],[57.23,18.95],[56.61,18.57],[56.51,18.09],[56.28,17.88],[55.66,17.88],[55.27,17.63],[55.27,17.23],[54.79,16.95],[54.24,17.04],[53.57,16.71],[53.11,16.65],[52.78,17.35],[52,19],[55,20],[55.67,22],[55.21,22.71]]],[[[56.26,25.71],[56.07,26.06],[56.36,26.4],[56.49,26.31],[56.39,25.9],[56.26,25.71]]],[[[102.58,12.19],[102.35,13.39],[102.99,14.23],[104.28,14.42],[105.22,14.27],[106.04,13.88],[106.5,14.57],[107.38,14.2],[107.61,13.54],[107.49,12.34],[105.81,11.57],[106.25,10.96],[105.2,10.89],[104.33,10.49],[103.5,10.63],[103.09,11.15],[102.58,12.19]]],[[[105.22,14.27],[104.28,14.42],[102.99,14.23],[102.35,13.39],[102.58,12.19],[101.69,12.65],[100.83,12.63],[100.98,13.41],[100.1,13.41],[100.02,12.31],[99.48,10.85],[99.15,9.96],[99.22,9.24],[99.87,9.21],[100.28,8.3],[100.46,7.43],[101.02,6.86],[101.62,6.74],[102.14,6.22],[101.81,5.81],[101.15,5.69],[101.08,6.2],[100.26,6.64],[100.09,6.46],[99.69,6.85],[99.52,7.34],[98.99,7.91],[98.5,8.38],[98.34,7.79],[98.15,8.35],[98.26,8.97],[98.55,9.93],[99.04,10.96],[99.59,11.89],[99.2,12.8],[99.21,13.27],[99.1,13.83],[98.43,14.62],[98.19,15.12],[98.54,15.31],[98.9,16.18],[98.49,16.84],[97.86,17.57],[97.38,18.45],[97.8,18.63],[98.25,19.71],[98.96,19.75],[99.54,20.19],[100.12,20.42],[100.55,20.11],[100.61,19.51],[101.28,19.46],[101.04,18.41],[101.06,17.51],[102.11,18.11],[102.41,17.93],[103,17.96],[103.2,18.31],[103.96,18.24],[104.72,17.43],[104.78,16.44],[105.59,15.57],[105.54,14.72],[105.22,14.27]]],[[[107.38,14.2],[106.5,14.57],[106.04,13.88],[105.22,14.27],[105.54,14.72],[105.59,15.57],[104.78,16.44],[104.72,17.43],[103.96,18.24],[103.2,18.31],[103,17.96],[102.41,17.93],[102.11,18.11],[101.06,17.51],[101.04,18.41],[101.28,19.46],[100.61,19.51],[100.55,20.11],[100.12,20.42],[100.33,20.79],[101.18,21.44],[101.27,21.2],[101.8,21.17],[101.65,22.32],[102.17,22.46],[102.75,21.68],[103.2,20.77],[104.44,20.76],[104.82,19.89],[104.18,19.62],[103.9,19.27],[105.09,18.67],[105.93,17.49],[106.56,16.6],[107.31,15.91],[107.56,15.2],[107.38,14.2]]],[[[100.12,20.42],[99.54,20.19],[98.96,19.75],[98.25,19.71],[97.8,18.63],[97.38,18.45],[97.86,17.57],[98.49,16.84],[98.9,16.18],[98.54,15.31],[98.19,15.12],[98.43,14.62],[99.1,13.83],[99.21,13.27],[99.2,12.8],[99.59,11.89],[99.04,10.96],[98.55,9.93],[98.46,10.68],[98.76,11.44],[98.43,12.03],[98.51,13.12],[98.1,13.64],[97.78,14.84],[97.6,16.1],[97.16,16.93],[96.51,16.43],[95.37,15.71],[94.81,15.8],[94.19,16.04],[94.53,17.28],[94.32,18.21],[93.54,19.37],[93.66,19.73],[93.08,19.86],[92.37,20.67],[92.3,21.48],[92.65,21.32],[92.67,22.04],[93.17,22.28],[93.06,22.7],[93.29,23.04],[93.33,24.08],[94.11,23.85],[94.55,24.68],[94.6,25.16],[95.16,26],[95.12,26.57],[96.42,27.26],[97.13,27.08],[97.05,27.7],[97.4,27.88],[97.33,28.26],[97.91,28.34],[98.25,27.75],[98.68,27.51],[98.71,26.74],[98.67,25.92],[97.72,25.08],[97.6,23.9],[98.66,24.06],[98.9,23.14],[99.53,22.95],[99.24,22.12],[99.98,21.74],[100.42,21.56],[101.15,21.85],[101.18,21.44],[100.33,20.79],[100.12,20.42]]],[[[104.33,10.49],[105.2,10.89],[106.25,10.96],[105.81,11.57],[107.49,12.34],[107.61,13.54],[107.38,14.2],[107.56,15.2],[107.31,15.91],[106.56,16.6],[105.93,17.49],[105.09,18.67],[103.9,19.27],[104.18,19.62],[104.82,19.89],[104.44,20.76],[103.2,20.77],[102.75,21.68],[102.17,22.46],[102.71,22.71],[103.5,22.7],[104.48,22.82],[105.33,23.35],[105.81,22.98],[106.73,22.79],[106.57,22.22],[107.04,21.81],[108.05,21.55],[106.72,20.7],[105.88,19.75],[105.66,19.06],[106.43,18],[107.36,16.7],[108.27,16.08],[108.88,15.28],[109.34,13.43],[109.2,11.67],[108.37,11.01],[107.22,10.36],[106.41,9.53],[105.16,8.6],[104.8,9.24],[105.08,9.92],[104.33,10.49]]],[[[130.78,42.22],[130.78,42.22],[130.78,42.22],[130.78,42.22]]],[[[130.64,42.4],[130.64,42.4],[130.78,42.22],[130.4,42.28],[129.97,41.94],[129.67,41.6],[129.71,40.88],[129.19,40.66],[129.01,40.49],[128.63,40.19],[127.97,40.03],[127.53,39.76],[127.5,39.32],[127.39,39.21],[127.78,39.05],[128.35,38.61],[128.21,38.37],[127.78,38.3],[127.07,38.26],[126.68,37.8],[126.24,37.84],[126.17,37.75],[125.69,37.94],[125.57,37.75],[125.28,37.67],[125.24,37.86],[124.98,37.95],[124.71,38.11],[124.99,38.55],[125.22,38.67],[125.13,38.85],[125.39,39.39],[125.32,39.55],[124.74,39.66],[124.27,39.93],[125.08,40.57],[126.18,41.11],[126.87,41.82],[127.34,41.5],[128.21,41.47],[128.05,41.99],[129.6,42.42],[129.99,42.99],[130.64,42.4]]],[[[126.17,37.75],[126.24,37.84],[126.68,37.8],[127.07,38.26],[127.78,38.3],[128.21,38.37],[128.35,38.61],[129.21,37.43],[129.46,36.78],[129.47,35.63],[129.09,35.08],[128.19,34.89],[127.39,34.48],[126.49,34.39],[126.37,34.93],[126.56,35.68],[126.12,36.73],[126.86,36.89],[126.17,37.75]]],[[[87.75,49.3],[88.81,49.47],[90.71,50.33],[92.23,50.8],[93.1,50.5],[94.15,50.48],[94.82,50.01],[95.81,49.98],[97.26,49.73],[98.23,50.42],[97.83,51.01],[98.86,52.05],[99.98,51.63],[100.89,51.52],[102.07,51.26],[102.26,50.51],[103.68,50.09],[104.62,50.28],[105.89,50.41],[106.89,50.27],[107.87,49.79],[108.48,49.28],[109.4,49.29],[110.66,49.13],[111.58,49.38],[112.9,49.54],[114.36,50.25],[114.96,50.14],[115.49,49.81],[116.68,49.89],[116.19,49.13],[115.49,48.14],[115.74,47.73],[116.31,47.85],[117.3,47.7],[118.06,48.07],[118.87,47.75],[119.77,47.05],[119.66,46.69],[118.87,46.81],[117.42,46.67],[116.72,46.39],[115.99,45.73],[114.46,45.34],[113.46,44.81],[112.44,45.01],[111.87,45.1],[111.35,44.46],[111.67,44.07],[111.83,43.74],[111.13,43.41],[110.41,42.87],[109.24,42.52],[107.74,42.48],[106.13,42.13],[104.96,41.6],[104.52,41.91],[103.31,41.91],[101.83,42.51],[100.85,42.66],[99.52,42.52],[97.45,42.75],[96.35,42.73],[95.76,43.32],[95.31,44.24],[94.69,44.35],[93.48,44.98],[92.13,45.12],[90.95,45.29],[90.59,45.72],[90.97,46.89],[90.28,47.69],[88.85,48.07],[88.01,48.6],[87.75,49.3]]],[[[97.33,28.26],[97.4,27.88],[97.05,27.7],[97.13,27.08],[96.42,27.26],[95.12,26.57],[95.16,26],[94.6,25.16],[94.55,24.68],[94.11,23.85],[93.33,24.08],[93.29,23.04],[93.06,22.7],[93.17,22.28],[92.67,22.04],[92.15,23.63],[91.87,23.62],[91.71,22.99],[91.16,23.5],[91.47,24.07],[91.92,24.13],[92.38,24.98],[91.8,25.15],[90.87,25.13],[89.92,25.27],[89.83,25.97],[89.36,26.01],[88.56,26.45],[88.21,25.77],[88.93,25.24],[88.31,24.87],[88.08,24.5],[88.7,24.23],[88.53,23.63],[88.88,22.88],[89.03,22.06],[88.89,21.69],[88.21,21.7],[86.98,21.5],[87.03,20.74],[86.5,20.15],[85.06,19.48],[83.94,18.3],[83.19,17.67],[82.19,17.02],[82.19,16.56],[81.69,16.31],[80.79,15.95],[80.32,15.9],[80.03,15.14],[80.23,13.84],[80.29,13.01],[79.86,12.06],[79.86,10.36],[79.34,10.31],[78.89,9.55],[79.19,9.22],[78.28,8.93],[77.94,8.25],[77.54,7.97],[76.59,8.9],[76.13,10.3],[75.75,11.31],[75.4,11.78],[74.86,12.74],[74.62,13.99],[74.44,14.62],[73.53,15.99],[73.12,17.93],[72.82,19.21],[72.82,20.42],[72.63,21.36],[71.18,20.76],[70.47,20.88],[69.16,22.09],[69.64,22.45],[69.35,22.84],[68.18,23.69],[68.84,24.36],[71.04,24.36],[70.84,25.22],[70.28,25.72],[70.17,26.49],[69.51,26.94],[70.62,27.99],[71.78,27.91],[72.82,28.96],[73.45,29.98],[74.42,30.98],[74.41,31.69],[75.26,32.27],[74.45,32.76],[74.1,33.44],[73.75,34.32],[74.24,34.75],[75.76,34.5],[76.87,34.65],[77.84,35.49],[78.91,34.32],[78.81,33.51],[79.21,32.99],[79.18,32.48],[78.46,32.62],[78.74,31.52],[79.72,30.88],[81.11,30.18],[80.48,29.73],[80.09,28.79],[81.06,28.42],[82,27.93],[83.3,27.36],[84.68,27.23],[85.25,26.73],[86.02,26.63],[87.23,26.4],[88.06,26.41],[88.17,26.81],[88.04,27.45],[88.12,27.88],[88.73,28.09],[88.81,27.3],[88.84,27.1],[89.74,26.72],[90.37,26.88],[91.22,26.81],[92.03,26.84],[92.1,27.45],[91.7,27.77],[92.5,27.9],[93.41,28.64],[94.57,29.28],[95.4,29.03],[96.12,29.45],[96.59,28.83],[96.25,28.41],[97.33,28.26]]],[[[92.67,22.04],[92.65,21.32],[92.3,21.48],[92.37,20.67],[92.08,21.19],[92.03,21.7],[91.83,22.18],[91.42,22.77],[90.5,22.81],[90.59,22.39],[90.27,21.84],[89.85,22.04],[89.7,21.86],[89.42,21.97],[89.03,22.06],[88.88,22.88],[88.53,23.63],[88.7,24.23],[88.08,24.5],[88.31,24.87],[88.93,25.24],[88.21,25.77],[88.56,26.45],[89.36,26.01],[89.83,25.97],[89.92,25.27],[90.87,25.13],[91.8,25.15],[92.38,24.98],[91.92,24.13],[91.47,24.07],[91.16,23.5],[91.71,22.99],[91.87,23.62],[92.15,23.63],[92.67,22.04]]],[[[91.7,27.77],[92.1,27.45],[92.03,26.84],[91.22,26.81],[90.37,26.88],[89.74,26.72],[88.84,27.1],[88.81,27.3],[89.48,28.04],[90.02,28.3],[90.73,28.06],[91.26,28.04],[91.7,27.77]]],[[[88.12,27.88],[88.04,27.45],[88.17,26.81],[88.06,26.41],[87.23,26.4],[86.02,26.63],[85.25,26.73],[84.68,27.23],[83.3,27.36],[82,27.93],[81.06,28.42],[80.09,28.79],[80.48,29.73],[81.11,30.18],[81.53,30.42],[82.33,30.12],[83.34,29.46],[83.9,29.32],[84.23,28.84],[85.01,28.64],[85.82,28.2],[86.95,27.97],[88.12,27.88]]],[[[77.84,35.49],[76.87,34.65],[75.76,34.5],[74.24,34.75],[73.75,34.32],[74.1,33.44],[74.45,32.76],[75.26,32.27],[74.41,31.69],[74.42,30.98],[73.45,29.98],[72.82,28.96],[71.78,27.91],[70.62,27.99],[69.51,26.94],[70.17,26.49],[70.28,25.72],[70.84,25.22],[71.04,24.36],[68.84,24.36],[68.18,23.69],[67.44,23.94],[67.15,24.66],[66.37,25.43],[64.53,25.24],[62.91,25.22],[61.5,25.08],[61.87,26.24],[63.32,26.76],[63.23,27.22],[62.76,27.38],[62.73,28.26],[61.77,28.7],[61.37,29.3],[60.87,29.83],[62.55,29.32],[63.55,29.47],[64.15,29.34],[64.35,29.56],[65.05,29.47],[66.35,29.89],[66.38,30.74],[66.94,31.3],[67.68,31.3],[67.79,31.58],[68.56,31.71],[68.93,31.62],[69.32,31.9],[69.26,32.5],[69.69,33.11],[70.32,33.36],[69.93,34.02],[70.88,33.99],[71.16,34.35],[71.12,34.73],[71.61,35.15],[71.5,35.65],[71.26,36.07],[71.85,36.51],[72.92,36.72],[74.07,36.84],[74.58,37.02],[75.16,37.13],[75.9,36.67],[76.19,35.9],[77.84,35.49]]],[[[66.52,37.36],[67.08,37.36],[67.83,37.14],[68.14,37.02],[68.86,37.34],[69.2,37.15],[69.52,37.61],[70.12,37.59],[70.27,37.74],[70.38,38.14],[70.81,38.49],[71.35,38.26],[71.24,37.95],[71.54,37.91],[71.45,37.07],[71.84,36.74],[72.19,36.95],[72.64,37.05],[73.26,37.5],[73.95,37.42],[74.98,37.42],[75.16,37.13],[74.58,37.02],[74.07,36.84],[72.92,36.72],[71.85,36.51],[71.26,36.07],[71.5,35.65],[71.61,35.15],[71.12,34.73],[71.16,34.35],[70.88,33.99],[69.93,34.02],[70.32,33.36],[69.69,33.11],[69.26,32.5],[69.32,31.9],[68.93,31.62],[68.56,31.71],[67.79,31.58],[67.68,31.3],[66.94,31.3],[66.38,30.74],[66.35,29.89],[65.05,29.47],[64.35,29.56],[64.15,29.34],[63.55,29.47],[62.55,29.32],[60.87,29.83],[61.78,30.74],[61.7,31.38],[60.94,31.55],[60.86,32.18],[60.54,32.98],[60.96,33.53],[60.53,33.68],[60.8,34.4],[61.21,35.65],[62.23,35.27],[62.98,35.4],[63.19,35.86],[63.98,36.01],[64.55,36.31],[64.75,37.11],[65.59,37.31],[65.75,37.66],[66.22,37.39],[66.52,37.36]]],[[[67.83,37.14],[68.39,38.16],[68.18,38.9],[67.44,39.14],[67.7,39.58],[68.54,39.53],[69.01,40.09],[69.33,40.73],[70.67,40.96],[70.46,40.5],[70.6,40.22],[71.01,40.24],[70.65,39.94],[69.56,40.1],[69.46,39.53],[70.55,39.6],[71.78,39.28],[73.68,39.43],[73.93,38.51],[74.26,38.61],[74.86,38.38],[74.83,37.99],[74.98,37.42],[73.95,37.42],[73.26,37.5],[72.64,37.05],[72.19,36.95],[71.84,36.74],[71.45,37.07],[71.54,37.91],[71.24,37.95],[71.35,38.26],[70.81,38.49],[70.38,38.14],[70.27,37.74],[70.12,37.59],[69.52,37.61],[69.2,37.15],[68.86,37.34],[68.14,37.02],[67.83,37.14]]],[[[70.96,42.27],[71.19,42.7],[71.84,42.85],[73.49,42.5],[73.65,43.09],[74.21,43.3],[75.64,42.88],[76,42.99],[77.66,42.96],[79.14,42.86],[79.64,42.5],[80.26,42.35],[80.12,42.12],[78.54,41.58],[78.19,41.19],[76.9,41.07],[76.53,40.43],[75.47,40.56],[74.78,40.37],[73.82,39.89],[73.96,39.66],[73.68,39.43],[71.78,39.28],[70.55,39.6],[69.46,39.53],[69.56,40.1],[70.65,39.94],[71.01,40.24],[71.77,40.15],[73.06,40.87],[71.87,41.39],[71.16,41.14],[70.42,41.52],[71.26,42.17],[70.96,42.27]]],[[[52.5,41.78],[52.94,42.12],[54.08,42.32],[54.76,42.04],[55.46,41.26],[55.97,41.31],[57.1,41.32],[56.93,41.83],[57.79,42.17],[58.63,42.75],[59.98,42.22],[60.08,41.43],[60.47,41.22],[61.55,41.27],[61.88,41.08],[62.37,40.05],[63.52,39.36],[64.17,38.89],[65.22,38.4],[66.55,37.97],[66.52,37.36],[66.22,37.39],[65.75,37.66],[65.59,37.31],[64.75,37.11],[64.55,36.31],[63.98,36.01],[63.19,35.86],[62.98,35.4],[62.23,35.27],[61.21,35.65],[61.12,36.49],[60.38,36.53],[59.23,37.41],[58.44,37.52],[57.33,38.03],[56.62,38.12],[56.18,37.94],[55.51,37.96],[54.8,37.39],[53.92,37.2],[53.74,37.91],[53.88,38.95],[53.1,39.29],[53.36,39.98],[52.69,40.03],[52.92,40.88],[53.86,40.63],[54.74,40.95],[54.01,41.55],[53.72,42.12],[52.92,41.87],[52.81,41.14],[52.5,41.78]]],[[[48.57,29.93],[48.01,30.45],[48,30.99],[47.69,30.98],[47.85,31.71],[47.33,32.47],[46.11,33.02],[45.42,33.97],[45.65,34.75],[46.15,35.09],[46.08,35.68],[45.42,35.98],[44.77,37.17],[44.77,37.17],[44.23,37.97],[44.42,38.28],[44.11,39.43],[44.79,39.71],[44.95,39.34],[45.46,38.87],[46.14,38.74],[46.51,38.77],[47.69,39.51],[48.06,39.58],[48.36,39.29],[48.01,38.79],[48.63,38.27],[48.88,38.32],[49.2,37.58],[50.15,37.37],[50.84,36.87],[52.26,36.7],[53.83,36.97],[53.92,37.2],[54.8,37.39],[55.51,37.96],[56.18,37.94],[56.62,38.12],[57.33,38.03],[58.44,37.52],[59.23,37.41],[60.38,36.53],[61.12,36.49],[61.21,35.65],[60.8,34.4],[60.53,33.68],[60.96,33.53],[60.54,32.98],[60.86,32.18],[60.94,31.55],[61.7,31.38],[61.78,30.74],[60.87,29.83],[61.37,29.3],[61.77,28.7],[62.73,28.26],[62.76,27.38],[63.23,27.22],[63.32,26.76],[61.87,26.24],[61.5,25.08],[59.62,25.38],[58.53,25.61],[57.4,25.74],[56.97,26.97],[56.49,27.14],[55.72,26.96],[54.72,26.48],[53.49,26.81],[52.48,27.58],[51.52,27.87],[50.85,28.81],[50.12,30.15],[49.58,29.99],[48.94,30.32],[48.57,29.93]]],[[[35.72,32.71],[35.7,32.72],[35.84,32.87],[35.82,33.28],[36.07,33.82],[36.61,34.2],[36.45,34.59],[36,34.64],[35.91,35.41],[36.15,35.82],[36.42,36.04],[36.69,36.26],[36.74,36.82],[37.07,36.62],[38.17,36.9],[38.7,36.71],[39.52,36.72],[40.67,37.09],[41.21,37.07],[42.35,37.23],[41.84,36.61],[41.29,36.36],[41.38,35.63],[41.01,34.42],[38.79,33.38],[36.83,32.31],[35.72,32.71]]],[[[46.51,38.77],[46.14,38.74],[45.74,39.32],[45.74,39.47],[45.3,39.47],[45,39.74],[44.79,39.71],[44.4,40.01],[43.66,40.25],[43.75,40.74],[43.58,41.09],[44.97,41.25],[45.18,40.99],[45.56,40.81],[45.36,40.56],[45.89,40.22],[45.61,39.9],[46.03,39.63],[46.48,39.46],[46.51,38.77]]],[[[44.77,37.17],[44.29,37],[43.94,37.26],[42.78,37.39],[42.35,37.23],[41.21,37.07],[40.67,37.09],[39.52,36.72],[38.7,36.71],[38.17,36.9],[37.07,36.62],[36.74,36.82],[36.69,36.26],[36.42,36.04],[36.15,35.82],[35.78,36.27],[36.16,36.65],[35.55,36.57],[34.71,36.8],[34.03,36.22],[32.51,36.11],[31.7,36.64],[30.62,36.68],[30.39,36.26],[29.7,36.14],[28.73,36.68],[27.64,36.66],[27.05,37.65],[26.32,38.21],[26.8,38.99],[26.17,39.46],[27.28,40.42],[28.82,40.46],[29.24,41.22],[31.15,41.09],[32.35,41.74],[33.51,42.02],[35.17,42.04],[36.91,41.34],[38.35,40.95],[39.51,41.1],[40.37,41.01],[41.55,41.54],[42.62,41.58],[43.58,41.09],[43.75,40.74],[43.66,40.25],[44.4,40.01],[44.79,39.71],[44.11,39.43],[44.42,38.28],[44.23,37.97],[44.77,37.17],[44.77,37.17]]],[[[26.12,41.83],[27.14,42.14],[28,42.01],[28.12,41.62],[28.99,41.3],[28.81,41.05],[27.62,41],[27.19,40.69],[26.36,40.15],[26.04,40.62],[26.06,40.82],[26.29,40.94],[26.6,41.56],[26.12,41.83]]],[[[81.79,7.52],[81.64,6.48],[81.22,6.2],[80.35,5.97],[79.87,6.76],[79.7,8.2],[80.15,9.82],[80.84,9.27],[81.3,8.56],[81.79,7.52]]],[[[109.48,18.2],[108.66,18.51],[108.63,19.37],[109.12,19.82],[110.21,20.1],[110.79,20.08],[111.01,19.7],[110.57,19.26],[110.34,18.68],[109.48,18.2]]],[[[80.26,42.35],[80.18,42.92],[80.87,43.18],[79.97,44.92],[81.95,45.32],[82.46,45.54],[83.18,47.33],[85.16,47],[85.72,47.45],[85.77,48.46],[86.6,48.55],[87.36,49.21],[87.75,49.3],[88.01,48.6],[88.85,48.07],[90.28,47.69],[90.97,46.89],[90.59,45.72],[90.95,45.29],[92.13,45.12],[93.48,44.98],[94.69,44.35],[95.31,44.24],[95.76,43.32],[96.35,42.73],[97.45,42.75],[99.52,42.52],[100.85,42.66],[101.83,42.51],[103.31,41.91],[104.52,41.91],[104.96,41.6],[106.13,42.13],[107.74,42.48],[109.24,42.52],[110.41,42.87],[111.13,43.41],[111.83,43.74],[111.67,44.07],[111.35,44.46],[111.87,45.1],[112.44,45.01],[113.46,44.81],[114.46,45.34],[115.99,45.73],[116.72,46.39],[117.42,46.67],[118.87,46.81],[119.66,46.69],[119.77,47.05],[118.87,47.75],[118.06,48.07],[117.3,47.7],[116.31,47.85],[115.74,47.73],[115.49,48.14],[116.19,49.13],[116.68,49.89],[117.88,49.51],[119.29,50.14],[119.28,50.58],[120.18,51.64],[120.74,51.96],[120.73,52.52],[120.18,52.75],[121,53.25],[122.25,53.43],[123.57,53.46],[125.07,53.16],[125.95,52.79],[126.56,51.78],[126.94,51.35],[127.29,50.74],[127.66,49.76],[129.4,49.44],[130.58,48.73],[130.99,47.79],[132.51,47.79],[133.37,48.18],[135.03,48.48],[134.5,47.58],[134.11,47.21],[133.77,46.12],[133.1,45.14],[131.88,45.32],[131.03,44.97],[131.29,44.11],[131.14,42.93],[130.63,42.9],[130.64,42.4],[129.99,42.99],[129.6,42.42],[128.05,41.99],[128.21,41.47],[127.34,41.5],[126.87,41.82],[126.18,41.11],[125.08,40.57],[124.27,39.93],[122.87,39.64],[122.13,39.17],[121.05,38.9],[121.59,39.36],[121.38,39.75],[122.17,40.42],[121.64,40.95],[120.77,40.59],[119.64,39.9],[119.02,39.25],[118.04,39.2],[117.53,38.74],[118.06,38.06],[118.88,37.9],[118.91,37.45],[119.7,37.16],[120.82,37.87],[121.71,37.48],[122.36,37.45],[122.52,36.93],[121.1,36.65],[120.64,36.11],[119.66,35.61],[119.15,34.91],[120.23,34.36],[120.62,33.38],[121.23,32.46],[121.91,31.69],[121.89,30.95],[121.26,30.68],[121.5,30.14],[122.09,29.83],[121.94,29.02],[121.68,28.23],[121.13,28.14],[120.4,27.05],[119.59,25.74],[118.66,24.55],[117.28,23.62],[115.89,22.78],[114.76,22.67],[114.15,22.22],[113.81,22.55],[113.24,22.05],[111.84,21.55],[110.79,21.4],[110.44,20.34],[109.89,20.28],[109.63,21.01],[109.86,21.4],[108.52,21.72],[108.05,21.55],[107.04,21.81],[106.57,22.22],[106.73,22.79],[105.81,22.98],[105.33,23.35],[104.48,22.82],[103.5,22.7],[102.71,22.71],[102.17,22.46],[101.65,22.32],[101.8,21.17],[101.27,21.2],[101.18,21.44],[101.15,21.85],[100.42,21.56],[99.98,21.74],[99.24,22.12],[99.53,22.95],[98.9,23.14],[98.66,24.06],[97.6,23.9],[97.72,25.08],[98.67,25.92],[98.71,26.74],[98.68,27.51],[98.25,27.75],[97.91,28.34],[97.33,28.26],[96.25,28.41],[96.59,28.83],[96.12,29.45],[95.4,29.03],[94.57,29.28],[93.41,28.64],[92.5,27.9],[91.7,27.77],[91.26,28.04],[90.73,28.06],[90.02,28.3],[89.48,28.04],[88.81,27.3],[88.73,28.09],[88.12,27.88],[86.95,27.97],[85.82,28.2],[85.01,28.64],[84.23,28.84],[83.9,29.32],[83.34,29.46],[82.33,30.12],[81.53,30.42],[81.11,30.18],[79.72,30.88],[78.74,31.52],[78.46,32.62],[79.18,32.48],[79.21,32.99],[78.81,33.51],[78.91,34.32],[77.84,35.49],[76.19,35.9],[75.9,36.67],[75.16,37.13],[74.98,37.42],[74.83,37.99],[74.86,38.38],[74.26,38.61],[73.93,38.51],[73.68,39.43],[73.96,39.66],[73.82,39.89],[74.78,40.37],[75.47,40.56],[76.53,40.43],[76.9,41.07],[78.19,41.19],[78.54,41.58],[80.12,42.12],[80.26,42.35]]],[[[121.78,24.39],[121.18,22.79],[120.75,21.97],[120.22,22.81],[120.11,23.56],[120.69,24.54],[121.5,25.3],[121.95,25],[121.78,24.39]]],[[[46.4,41.86],[46.69,41.83],[47.37,41.22],[47.82,41.15],[47.99,41.41],[48.58,41.81],[49.11,41.28],[49.62,40.57],[50.08,40.53],[50.39,40.26],[49.57,40.18],[49.4,39.4],[49.22,39.05],[48.86,38.82],[48.88,38.32],[48.63,38.27],[48.01,38.79],[48.36,39.29],[48.06,39.58],[47.69,39.51],[46.51,38.77],[46.48,39.46],[46.03,39.63],[45.61,39.9],[45.89,40.22],[45.36,40.56],[45.56,40.81],[45.18,40.99],[44.97,41.25],[45.22,41.41],[45.96,41.12],[46.5,41.06],[46.64,41.18],[46.15,41.72],[46.4,41.86]]],[[[46.14,38.74],[45.46,38.87],[44.95,39.34],[44.79,39.71],[45,39.74],[45.3,39.47],[45.74,39.47],[45.74,39.32],[46.14,38.74]]],[[[39.96,43.43],[40.08,43.55],[40.92,43.38],[42.39,43.22],[43.76,42.74],[43.93,42.55],[44.54,42.71],[45.47,42.5],[45.78,42.09],[46.4,41.86],[46.15,41.72],[46.64,41.18],[46.5,41.06],[45.96,41.12],[45.22,41.41],[44.97,41.25],[43.58,41.09],[42.62,41.58],[41.55,41.54],[41.7,41.96],[41.45,42.65],[40.88,43.01],[40.32,43.13],[39.96,43.43]]],[[[120.83,12.7],[120.32,13.47],[121.18,13.43],[121.53,13.07],[121.26,12.21],[120.83,12.7]]],[[[122.59,9.98],[122.84,10.26],[122.95,10.88],[123.5,10.94],[123.34,10.27],[124.08,11.23],[123.98,10.28],[123.62,9.95],[123.31,9.32],[123,9.02],[122.38,9.71],[122.59,9.98]]],[[[126.38,8.41],[126.48,7.75],[126.54,7.19],[126.2,6.27],[125.83,7.29],[125.36,6.79],[125.68,6.05],[125.4,5.58],[124.22,6.16],[123.94,6.89],[124.24,7.36],[123.61,7.83],[123.3,7.42],[122.83,7.46],[122.09,6.9],[121.92,7.19],[122.31,8.03],[122.94,8.32],[123.49,8.69],[123.84,8.24],[124.6,8.51],[124.76,8.96],[125.47,8.99],[125.41,9.76],[126.22,9.29],[126.31,8.78],[126.38,8.41]]],[[[118.5,9.32],[117.17,8.37],[117.66,9.07],[118.39,9.68],[118.99,10.38],[119.51,11.37],[119.69,10.55],[119.03,10],[118.5,9.32]]],[[[122.34,18.22],[122.17,17.81],[122.52,17.09],[122.25,16.26],[121.66,15.93],[121.51,15.12],[121.73,14.33],[122.26,14.22],[122.7,14.34],[123.95,13.78],[123.86,13.24],[124.18,13],[124.08,12.54],[123.3,13.03],[122.93,13.55],[122.67,13.19],[122.03,13.78],[121.13,13.64],[120.63,13.86],[120.68,14.27],[120.99,14.53],[120.69,14.76],[120.56,14.4],[120.07,14.97],[119.92,15.41],[119.88,16.36],[120.29,16.03],[120.39,17.6],[120.72,18.51],[121.32,18.5],[121.94,18.22],[122.25,18.48],[122.34,18.22]]],[[[122.04,11.42],[121.88,11.89],[122.48,11.58],[123.12,11.58],[123.1,11.17],[122.64,10.74],[122,10.44],[121.97,10.91],[122.04,11.42]]],[[[125.5,12.16],[125.78,11.05],[125.01,11.31],[125.03,10.98],[125.28,10.36],[124.8,10.13],[124.76,10.84],[124.46,10.89],[124.3,11.5],[124.89,11.42],[124.88,11.79],[124.27,12.56],[125.23,12.54],[125.5,12.16]]],[[[100.09,6.46],[100.26,6.64],[101.08,6.2],[101.15,5.69],[101.81,5.81],[102.14,6.22],[102.37,6.13],[102.96,5.52],[103.38,4.86],[103.44,4.18],[103.33,3.73],[103.43,3.38],[103.5,2.79],[103.85,2.52],[104.25,1.63],[104.23,1.29],[103.52,1.23],[102.57,1.97],[101.39,2.76],[101.27,3.27],[100.7,3.94],[100.56,4.77],[100.2,5.31],[100.31,6.04],[100.09,6.46]]],[[[117.88,4.14],[117.02,4.31],[115.87,4.31],[115.52,3.17],[115.13,2.82],[114.62,1.43],[113.81,1.22],[112.86,1.5],[112.38,1.41],[111.8,0.9],[111.16,0.98],[110.51,0.77],[109.83,1.34],[109.66,2.01],[110.4,1.66],[111.17,1.85],[111.37,2.7],[111.8,2.89],[113,3.1],[113.71,3.89],[114.2,4.53],[114.66,4.01],[114.87,4.35],[115.35,4.32],[115.41,4.96],[115.45,5.45],[116.22,6.14],[116.73,6.92],[117.13,6.93],[117.64,6.42],[117.69,5.99],[118.35,5.71],[119.18,5.41],[119.11,5.02],[118.44,4.97],[118.62,4.48],[117.88,4.14]]],[[[115.45,5.45],[115.41,4.96],[115.35,4.32],[114.87,4.35],[114.66,4.01],[114.2,4.53],[114.6,4.9],[115.45,5.45]]],[[[141.88,39.18],[140.96,38.17],[140.98,37.14],[140.6,36.34],[140.77,35.84],[140.25,35.14],[138.98,34.67],[137.22,34.61],[135.79,33.46],[135.12,33.85],[135.08,34.6],[133.34,34.38],[132.16,33.9],[130.99,33.89],[132,33.15],[131.33,31.45],[130.69,31.03],[130.2,31.42],[130.45,32.32],[129.81,32.61],[129.41,33.3],[130.35,33.6],[130.88,34.23],[131.88,34.75],[132.62,35.43],[134.61,35.73],[135.68,35.53],[136.72,37.3],[137.39,36.83],[138.86,37.83],[139.43,38.22],[140.05,39.44],[139.88,40.56],[140.31,41.2],[141.37,41.38],[141.91,39.99],[141.88,39.18]]],[[[144.61,43.96],[145.32,44.38],[145.54,43.26],[144.06,42.99],[143.18,42],[141.61,42.68],[141.07,41.58],[139.96,41.57],[139.82,42.56],[140.31,43.33],[141.38,43.39],[141.67,44.77],[141.97,45.55],[143.14,44.51],[143.91,44.17],[144.61,43.96]]],[[[132.37,33.46],[132.92,34.06],[133.49,33.94],[133.9,34.36],[134.64,34.15],[134.77,33.81],[134.2,33.2],[133.79,33.52],[133.28,33.29],[133.01,32.7],[132.36,32.99],[132.37,33.46]]],[[[52,19],[52.78,17.35],[53.11,16.65],[52.39,16.38],[52.19,15.94],[52.17,15.6],[51.17,15.18],[49.57,14.71],[48.68,14],[48.24,13.95],[47.94,14.01],[47.35,13.59],[46.72,13.4],[45.88,13.35],[45.63,13.29],[45.41,13.03],[45.14,12.95],[44.99,12.7],[44.49,12.72],[44.18,12.59],[43.48,12.64],[43.22,13.22],[43.25,13.77],[43.09,14.06],[42.89,14.8],[42.6,15.21],[42.81,15.26],[42.7,15.72],[42.82,15.91],[42.78,16.35],[43.22,16.67],[43.12,17.09],[43.38,17.58],[43.79,17.32],[44.06,17.41],[45.22,17.43],[45.4,17.33],[46.37,17.23],[46.75,17.28],[47,16.95],[47.47,17.12],[48.18,18.17],[49.12,18.62],[52,19]]],[[[34.96,29.36],[36.07,29.2],[36.5,29.51],[36.74,29.87],[37.5,30],[37.67,30.34],[38,30.51],[37,31.51],[39,32.01],[39.2,32.16],[40.4,31.89],[41.89,31.19],[44.71,29.18],[46.57,29.1],[47.46,29],[47.71,28.53],[48.42,28.55],[48.81,27.69],[49.3,27.46],[49.47,27.11],[50.15,26.69],[50.21,26.28],[50.11,25.94],[50.24,25.61],[50.53,25.33],[50.66,25],[50.81,24.75],[51.11,24.56],[51.39,24.63],[51.58,24.25],[51.62,24.01],[52,23],[55.01,22.5],[55.21,22.71],[55.67,22],[55,20],[52,19],[49.12,18.62],[48.18,18.17],[47.47,17.12],[47,16.95],[46.75,17.28],[46.37,17.23],[45.4,17.33],[45.22,17.43],[44.06,17.41],[43.79,17.32],[43.38,17.58],[43.12,17.09],[43.22,16.67],[42.78,16.35],[42.65,16.77],[42.35,17.08],[42.27,17.47],[41.75,17.83],[41.22,18.67],[40.94,19.49],[40.25,20.17],[39.8,20.34],[39.14,21.29],[39.02,21.99],[39.07,22.58],[38.49,23.69],[38.02,24.08],[37.48,24.29],[37.15,24.86],[37.21,25.08],[36.93,25.6],[36.64,25.83],[36.25,26.57],[35.64,27.38],[35.13,28.06],[34.63,28.06],[34.79,28.61],[34.83,28.96],[34.96,29.36]]],[[[32.73,35.14],[32.8,35.15],[32.95,35.39],[33.67,35.37],[34.58,35.67],[33.9,35.25],[33.97,35.06],[33.87,35.09],[33.68,35.02],[33.53,35.04],[33.48,35],[33.46,35.1],[33.38,35.16],[33.19,35.17],[32.92,35.09],[32.73,35.14]]],[[[32.73,35.14],[32.92,35.09],[33.19,35.17],[33.38,35.16],[33.46,35.1],[33.48,35],[33.53,35.04],[33.68,35.02],[33.87,35.09],[33.97,35.06],[34,34.98],[32.98,34.57],[32.49,34.7],[32.26,35.1],[32.73,35.14]]]]}},{"type":"Feature","properties":{"role":"river","name":"Nil","interactive":false},"geometry":{"type":"MultiLineString","coordinates":[[[32.879471,23.987683],[32.90872,23.80847],[32.902933,23.69628],[32.871823,23.591377],[32.877921,23.480893],[32.902623,23.41454],[32.914146,23.331884],[32.85508,23.207654],[32.679897,23.009423],[32.673344469883745,23]],[[32.879471,23.987683],[32.913061,24.328438],[32.912648,24.453986],[32.889393,24.477912],[32.891874,24.539562],[32.919882,24.638936],[32.920968,24.77022],[32.895026,24.933414],[32.870583,25.037464],[32.847639,25.082423],[32.767024,25.149473],[32.628737,25.238589],[32.540371,25.349822],[32.502027,25.483148],[32.492932,25.565365],[32.523214,25.612003],[32.704133,25.754268],[32.764026,25.87917],[32.763199,26.034173],[32.734364,26.128845],[32.677623,26.163261],[32.553393,26.142797],[32.361674,26.067427],[32.228658,26.076884],[32.154244,26.171168],[32.093938,26.189384],[32.04128,26.190004],[32.015235,26.200107],[31.996941,26.246719],[31.965522,26.297413],[31.871368,26.37467],[31.82026,26.445311],[31.812301,26.509287],[31.782174,26.541894],[31.729981,26.543083],[31.706468,26.564167],[31.711739,26.605095],[31.694686,26.631656],[31.655308,26.643749],[31.552627,26.761984],[31.369176,27.009902],[31.340651,27.057108],[31.303547,27.098553],[31.278432,27.122686],[31.244946,27.143641],[30.969304,27.35554],[30.868276,27.500311],[30.88905,27.618547],[30.883934,27.767659],[30.877475,27.901708],[30.863005,27.985217],[30.837426,28.037669],[30.80735,28.085418],[30.773967,28.119938],[30.744253,28.165465],[30.740015,28.229905],[30.762185,28.308557],[30.810864,28.401367],[30.83572,28.492499],[30.836857,28.581977],[30.857889,28.681609],[30.898714,28.791473],[30.994625,28.94304],[31.14552,29.136413],[31.219108,29.281986],[31.215387,29.379757],[31.236058,29.488691],[31.281016,29.608787],[31.286907,29.782601],[31.255385,29.998996],[31.253834,30.080154],[31.237608,30.120694]]]}},{"type":"Feature","properties":{"role":"river","name":"Eufrat","interactive":false},"geometry":{"type":"MultiLineString","coordinates":[[[38.561192,35.862643],[38.365338,35.903261],[38.246224,35.951139],[38.138634,36.019843],[38.078534,36.074129],[38.065822,36.113972],[38.09197,36.166682],[38.156875,36.232156],[38.187985,36.284297],[38.183851,36.342485]],[[38.767794,38.812825],[38.812649,38.874992],[38.739579,39.078442]],[[38.559952,35.863289],[38.915744,35.912744],[39.227094,35.880756],[39.612601,35.783708],[39.833207,35.683249],[39.888914,35.579431],[40.004308,35.472564],[40.179284,35.3627],[40.263414,35.297536],[40.256592,35.277072],[40.294316,35.253042],[40.376585,35.225395],[40.424437,35.167414],[40.43777,35.079048],[40.47477,35.015796],[40.535438,34.977659],[40.583859,34.918179],[40.620136,34.837254],[40.710518,34.75222],[40.854902,34.663078],[40.927972,34.580964],[40.929729,34.505879],[40.946059,34.458362],[40.992568,34.428467]],[[38.025721,36.835633],[38.056416,36.741117],[38.102615,36.694246],[38.174445,36.663499],[38.231083,36.618127],[38.272424,36.558079],[38.265809,36.481649],[38.183851,36.342485]],[[45.463096,31.305195],[45.540766,31.22874],[45.685098,31.18404],[45.922086,31.145541],[46.121144,31.086087],[46.363093,30.965371],[46.483292,30.902584],[46.579617,30.90168],[46.692065,30.941781],[46.885542,30.958834],[47.16015,30.952917],[47.331406,30.96656],[47.399309,30.999814],[47.442097,31.004439],[47.468452,30.968472]],[[40.992568,34.428467],[41.119072,34.38772],[41.176898,34.392888],[41.208214,34.430405],[41.275858,34.442859],[41.379935,34.43025],[41.430061,34.436038],[41.448251,34.439888],[41.470523,34.449164],[41.501788,34.436038],[41.590723,34.448337],[41.717123,34.497119],[41.827194,34.509057],[41.920935,34.484149],[41.989613,34.446115],[42.055035,34.369324],[42.122163,34.301731],[42.169602,34.28814],[42.219728,34.305942],[42.248047,34.296977],[42.26293,34.289561],[42.286184,34.292197],[42.303237,34.33408],[42.329851,34.346483],[42.365921,34.329429],[42.366334,34.301834],[42.330988,34.263645],[42.331814,34.231218],[42.368918,34.204502],[42.383284,34.165408],[42.375119,34.113887],[42.417236,34.058981],[42.446536,34.040506],[42.509736,34.000638],[42.551129,33.943587],[42.541414,33.887803],[42.563428,33.870336],[42.617172,33.891213],[42.672879,33.889611],[42.730446,33.865478],[42.747551,33.819641],[42.72409,33.751997],[42.767292,33.671123],[42.877156,33.576917],[42.965471,33.520848],[43.03234,33.502813],[43.078952,33.504622],[43.105514,33.526171],[43.155227,33.515009],[43.228194,33.471136],[43.287673,33.454832],[43.333665,33.466149],[43.45433,33.442429],[43.535617,33.417986],[43.649667,33.383673],[43.775757,33.31143],[43.832498,33.225698],[43.872289,33.198646],[43.905362,33.198646],[43.947633,33.194667],[44.029075,33.159708],[44.122041,33.052944],[44.253661,32.828177],[44.262549,32.792934],[44.263583,32.726995],[44.236608,32.624004],[44.25547,32.496363],[44.321305,32.348517],[44.354947,32.235449],[44.356497,32.157211],[44.387348,32.072461],[44.447603,31.981278],[44.476851,31.877874],[44.475094,31.762299],[44.548113,31.648094],[44.769805,31.478854],[45.041882,31.440717],[45.158154,31.402657],[45.209313,31.352014],[45.292874,31.321318],[45.46692,31.305195]],[[38.767794,38.812825],[38.554629,38.768022],[38.449881,38.713735],[38.382598,38.635032],[38.355055,38.580901],[38.367354,38.551342],[38.452361,38.507624],[38.610078,38.449746],[38.719322,38.425665],[38.780093,38.435458],[38.847169,38.412901],[38.92055,38.357969],[38.996617,38.333784],[39.075476,38.340296],[39.114853,38.305879],[39.114853,38.230457],[39.14927,38.189504],[39.218206,38.182993],[39.248127,38.153795],[39.239135,38.102016],[39.17056,38.033596],[39.042403,37.948537],[38.978221,37.887068],[38.978014,37.849189],[38.95569,37.819862],[38.948868,37.797228],[38.92365,37.745293],[38.841485,37.713099],[38.828876,37.69031],[38.838488,37.665557],[38.812753,37.644679],[38.701338,37.631037],[38.607907,37.593313],[38.532563,37.53156],[38.439132,37.494611],[38.327718,37.482519],[38.25041,37.460582],[38.207312,37.428775],[38.136722,37.420869],[38.03864,37.436837],[37.966293,37.424564],[37.919681,37.384101],[37.854568,37.291884],[37.847799,37.217212],[37.862165,37.115874],[37.896736,37.061407],[37.95141,37.053863],[37.990529,36.996476],[38.025721,36.835633]],[[41.455485,40.180183],[41.328258,40.016317],[40.984713,39.943712],[40.769791,39.928054],[40.568976,39.945107],[40.396222,39.942213],[40.251425,39.919372],[40.169362,39.894878],[40.149829,39.86873],[40.169931,39.823823],[40.229565,39.760157],[40.240469,39.694373],[40.202642,39.62647],[40.163265,39.584406],[40.122234,39.568231],[39.938989,39.595361],[39.613427,39.665796],[39.414576,39.683444],[39.34254,39.648252],[39.196295,39.618538],[38.97605,39.594302],[38.739786,39.536476],[38.487501,39.44506],[38.426006,39.342457],[38.555301,39.228614],[38.642789,39.170271],[38.688574,39.167429],[38.718495,39.144123],[38.739579,39.078494]]]}},{"type":"Feature","properties":{"role":"river","name":"Tygrys","interactive":false},"geometry":{"type":"MultiLineString","coordinates":[[[39.64309,38.415588],[40.018467,38.347737],[40.024358,38.305621],[40.06756,38.268724],[40.149932,38.223042],[40.178251,38.178626],[40.152516,38.135502],[40.171429,38.106305],[40.234991,38.091112],[40.261863,38.023261],[40.251941,37.902751],[40.427383,37.832006],[40.96859,37.800484],[41.155349,37.757334],[41.358282,37.744053],[41.639712,37.746353],[41.800477,37.70881],[41.840475,37.631502],[41.853859,37.555589],[41.840527,37.481123],[41.882333,37.440842],[41.979278,37.434795],[42.093689,37.39516],[42.225671,37.321934],[42.312849,37.229614],[42.376566,37.062493]],[[42.376566,37.062493],[42.433617,36.989784],[42.46638,36.967434],[42.489169,36.959579],[42.509323,36.940665],[42.51294,36.875837],[42.558674,36.832481],[42.713083,36.784783],[42.758558,36.755173],[42.774475,36.733159],[42.760832,36.718741],[42.85757,36.707527],[42.895191,36.691301],[42.901289,36.661561],[42.886096,36.6458],[42.849509,36.643991],[42.811165,36.60867],[42.771167,36.539837],[42.844341,36.478497],[43.030686,36.42465],[43.168663,36.333648],[43.258269,36.205439],[43.317491,36.076196],[43.346326,35.945868],[43.343226,35.857812],[43.307982,35.812026],[43.29744,35.765414],[43.3116,35.717975],[43.299301,35.681879],[43.260647,35.657074],[43.248348,35.586407],[43.262404,35.469825],[43.348031,35.31632],[43.505231,35.125867],[43.568431,35.006184],[43.537529,34.957221],[43.584038,34.832009],[43.707854,34.630496],[43.784646,34.453091],[43.814515,34.299715],[43.854202,34.193727],[43.903811,34.135074],[43.960345,34.098074],[44.05543,34.075104],[44.23237,34.050015],[44.32854,34.019009],[44.402851,33.973715],[44.427345,33.909197],[44.402024,33.825481],[44.398458,33.768895],[44.416752,33.73944],[44.400009,33.696858],[44.348436,33.641254],[44.318256,33.585857],[44.309678,33.530667],[44.323941,33.451033],[44.361045,33.346854],[44.396701,33.293369],[44.430808,33.290578],[44.480004,33.235078],[44.544289,33.126971],[44.674617,33.023695],[44.870988,32.925226],[44.980955,32.887192],[45.026585,32.891248],[45.041365,32.879156],[45.041365,32.856341],[45.044465,32.832286],[45.079502,32.803476],[45.139602,32.785389],[45.224764,32.778],[45.260214,32.751619],[45.258664,32.713662],[45.298403,32.663485],[45.383669,32.60354],[45.522007,32.555739],[45.809122,32.502202],[46.029883,32.618681],[46.136595,32.63222],[46.201397,32.587546],[46.343611,32.54158],[46.563236,32.494348],[46.692168,32.442568],[46.730409,32.386344],[46.735163,32.32149],[46.706328,32.248058],[46.698886,32.190697],[46.712632,32.149433],[46.755369,32.112123],[46.826992,32.078766],[46.888487,32.013886],[46.939854,31.917458],[47.00786,31.8679],[47.092506,31.865213],[47.138549,31.825758],[47.146094,31.749484],[47.220818,31.62732],[47.362929,31.459165],[47.433932,31.286049],[47.441322,30.99909]]]}},{"type":"Feature","properties":{"role":"river","name":"Jordan","interactive":false},"geometry":{"type":"MultiLineString","coordinates":[[[35.422882,31.325375],[35.465463,31.562363],[35.499467,31.672382],[35.558998,31.765529]],[[35.598892,32.899723],[35.576878,32.720303]],[[35.423502,31.324832],[35.400661,31.230497]],[[35.576878,32.720303],[35.551453,32.395516],[35.57202,32.237878],[35.53471,32.103002],[35.531506,31.984921],[35.558998,31.765529]],[[35.863889,33.596348],[35.695527,33.430828],[35.618942,33.243708],[35.594758,33.110951],[35.598892,32.899723]]]}},{"type":"Feature","properties":{"role":"river","name":"Szatt al-Arab","interactive":false},"geometry":{"type":"LineString","coordinates":[[47.468452,30.968472],[47.581778,30.830754],[47.646839,30.774608],[47.701512,30.754092],[47.735516,30.704224],[47.748951,30.624953],[47.785332,30.560874],[47.844656,30.511988],[47.938294,30.477623],[48.066141,30.457676],[48.147532,30.416826],[48.182362,30.355021],[48.226132,30.321354],[48.278945,30.315798],[48.331035,30.285439],[48.382608,30.230196],[48.401418,30.188339],[48.387569,30.159865],[48.398628,30.109609],[48.434594,30.037624],[48.478519,30.003802],[48.546526,29.962357]]}}]}
