{
  "type": "FeatureCollection",
  "features": [
    {
      "type": "Feature",
      "properties": {
        "id": "ukraine",
        "name": "Ukraina",
        "name_pl": "Ukraina"
      },
      "geometry": {
        "type": "MultiPolygon",
        "coordinates": [
          [
            [
              [
                26.8,
                48.37456
              ],
              [
                26.79359,
                48.37627
              ],
              [
                26.78806,
                48.37596
              ],
              [
                26.77752,
                48.36617
              ],
              [
                26.77819,
                48.3572
              ],
              [
                26.78408,
                48.34516
              ],
              [
                26.78935,
                48.32594
              ],
              [
                26.79008,
                48.30705
              ],
              [
                26.78573,
                48.29411
              ],
              [
                26.77436,
                48.28718
              ],
              [
                26.75457,
                48.28615
              ],
              [
                26.73592,
                48.29183
              ],
              [
                26.72362,
                48.30258
              ],
              [
                26.71297,
                48.31491
              ],
              [
                26.69943,
                48.32511
              ],
              [
                26.6798,
                48.33018
              ],
              [
                26.67401,
                48.3217
              ],
              [
                26.6691,
                48.30881
              ],
              [
                26.63608,
                48.29488
              ],
              [
                26.62512,
                48.28289
              ],
              [
                26.61861,
                48.26718
              ],
              [
                26.61789,
                48.25897
              ],
              [
                26.5874,
                48.24936
              ],
              [
                26.46131,
                48.23039
              ],
              [
                26.44467,
                48.22773
              ],
              [
                26.39744,
                48.22621
              ],
              [
                26.38049,
                48.22321
              ],
              [
                26.34731,
                48.2121
              ],
              [
                26.33026,
                48.20851
              ],
              [
                26.31176,
                48.20972
              ],
              [
                26.30349,
                48.21205
              ],
              [
                26.29615,
                48.179
              ],
              [
                26.2975,
                48.15634
              ],
              [
                26.28695,
                48.12471
              ],
              [
                26.27073,
                48.0936
              ],
              [
                26.25533,
                48.07234
              ],
              [
                26.24323,
                48.06291
              ],
              [
                26.21709,
                48.04802
              ],
              [
                26.20479,
                48.03738
              ],
              [
                26.18267,
                48.00327
              ],
              [
                26.17306,
                47.99314
              ],
              [
                26.12572,
                47.97842
              ],
              [
                26.10253,
                47.97827
              ],
              [
                26.02929,
                47.9778
              ],
              [
                25.96573,
                47.9649
              ],
              [
                25.91809,
                47.96816
              ],
              [
                25.90124,
                47.96596
              ],
              [
                25.87096,
                47.95702
              ],
              [
                25.81835,
                47.95258
              ],
              [
                25.75252,
                47.9346
              ],
              [
                25.26174,
                47.89858
              ],
              [
                25.21896,
                47.87847
              ],
              [
                25.12191,
                47.77031
              ],
              [
                25.08026,
                47.74313
              ],
              [
                25.08005,
                47.74308
              ],
              [
                25.07995,
                47.74293
              ],
              [
                25.01742,
                47.72458
              ],
              [
                24.94238,
                47.71556
              ],
              [
                24.92886,
                47.71394
              ],
              [
                24.8966,
                47.71006
              ],
              [
                24.87779,
                47.71874
              ],
              [
                24.85443,
                47.74313
              ],
              [
                24.82074,
                47.78409
              ],
              [
                24.80823,
                47.79574
              ],
              [
                24.79366,
                47.80447
              ],
              [
                24.71284,
                47.82592
              ],
              [
                24.67914,
                47.84013
              ],
              [
                24.66147,
                47.85388
              ],
              [
                24.65692,
                47.8662
              ],
              [
                24.65599,
                47.8793
              ],
              [
                24.64927,
                47.89522
              ],
              [
                24.63367,
                47.90829
              ],
              [
                24.60845,
                47.92193
              ],
              [
                24.56981,
                47.93729
              ],
              [
                24.56163,
                47.94054
              ],
              [
                24.5421,
                47.94382
              ],
              [
                24.48556,
                47.9432
              ],
              [
                24.42851,
                47.95253
              ],
              [
                24.40919,
                47.95206
              ],
              [
                24.38624,
                47.94369
              ],
              [
                24.34718,
                47.92088
              ],
              [
                24.29788,
                47.91979
              ],
              [
                24.23101,
                47.89703
              ],
              [
                24.2093,
                47.89759
              ],
              [
                24.15018,
                47.91292
              ],
              [
                24.14874,
                47.91212
              ],
              [
                24.13117,
                47.91454
              ],
              [
                24.09479,
                47.93793
              ],
              [
                24.07494,
                47.94418
              ],
              [
                24.02523,
                47.95325
              ],
              [
                24.0088,
                47.96121
              ],
              [
                23.97727,
                47.96229
              ],
              [
                23.87661,
                47.93444
              ],
              [
                23.85522,
                47.93423
              ],
              [
                23.84839,
                47.94966
              ],
              [
                23.79651,
                47.98198
              ],
              [
                23.78008,
                47.98751
              ],
              [
                23.71052,
                47.98508
              ],
              [
                23.68727,
                47.98725
              ],
              [
                23.64613,
                47.99661
              ],
              [
                23.58174,
                48.00157
              ],
              [
                23.56324,
                48.00575
              ],
              [
                23.52562,
                48.00118
              ],
              [
                23.51446,
                47.99898
              ],
              [
                23.50371,
                47.99289
              ],
              [
                23.49937,
                47.98622
              ],
              [
                23.49431,
                47.98054
              ],
              [
                23.48852,
                47.97586
              ],
              [
                23.48548,
                47.97423
              ],
              [
                23.48159,
                47.97216
              ],
              [
                23.46082,
                47.97134
              ],
              [
                23.39602,
                47.99307
              ],
              [
                23.39447,
                47.99345
              ],
              [
                23.39302,
                47.99358
              ],
              [
                23.39157,
                47.99345
              ],
              [
                23.39013,
                47.99307
              ],
              [
                23.38217,
                47.99113
              ],
              [
                23.37473,
                47.99056
              ],
              [
                23.36729,
                47.99121
              ],
              [
                23.36005,
                47.99314
              ],
              [
                23.33752,
                48.01087
              ],
              [
                23.28977,
                48.03821
              ],
              [
                23.24864,
                48.07123
              ],
              [
                23.23138,
                48.07973
              ],
              [
                23.16172,
                48.0959
              ],
              [
                23.13908,
                48.09813
              ],
              [
                23.11862,
                48.09154
              ],
              [
                23.09898,
                48.07123
              ],
              [
                23.07655,
                48.02451
              ],
              [
                23.06312,
                48.00746
              ],
              [
                23.02033,
                47.98472
              ],
              [
                23.00442,
                47.98307
              ],
              [
                22.98819,
                47.98637
              ],
              [
                22.97248,
                47.99289
              ],
              [
                22.95708,
                48.00012
              ],
              [
                22.9393,
                48.00565
              ],
              [
                22.92411,
                48.00482
              ],
              [
                22.91574,
                47.99299
              ],
              [
                22.92421,
                47.97273
              ],
              [
                22.91584,
                47.95919
              ],
              [
                22.89786,
                47.95098
              ],
              [
                22.8776,
                47.94674
              ],
              [
                22.84081,
                47.96679
              ],
              [
                22.83244,
                47.97893
              ],
              [
                22.84949,
                47.99314
              ],
              [
                22.85135,
                48.0088
              ],
              [
                22.85796,
                48.01803
              ],
              [
                22.86158,
                48.02839
              ],
              [
                22.85476,
                48.0473
              ],
              [
                22.84432,
                48.06105
              ],
              [
                22.83099,
                48.07244
              ],
              [
                22.80143,
                48.09097
              ],
              [
                22.76557,
                48.10453
              ],
              [
                22.76205,
                48.10926
              ],
              [
                22.74572,
                48.11629
              ],
              [
                22.72857,
                48.11314
              ],
              [
                22.71162,
                48.10582
              ],
              [
                22.69322,
                48.10177
              ],
              [
                22.62118,
                48.10177
              ],
              [
                22.60806,
                48.09683
              ],
              [
                22.60547,
                48.09704
              ],
              [
                22.6001,
                48.10112
              ],
              [
                22.58304,
                48.12482
              ],
              [
                22.56889,
                48.15652
              ],
              [
                22.55576,
                48.17716
              ],
              [
                22.48145,
                48.24259
              ],
              [
                22.47742,
                48.24393
              ],
              [
                22.47328,
                48.2445
              ],
              [
                22.46905,
                48.24414
              ],
              [
                22.44972,
                48.23768
              ],
              [
                22.43422,
                48.23675
              ],
              [
                22.4184,
                48.23897
              ],
              [
                22.39877,
                48.24434
              ],
              [
                22.39453,
                48.24476
              ],
              [
                22.3905,
                48.24434
              ],
              [
                22.38647,
                48.24305
              ],
              [
                22.37861,
                48.23886
              ],
              [
                22.37086,
                48.23739
              ],
              [
                22.36363,
                48.23871
              ],
              [
                22.35712,
                48.2431
              ],
              [
                22.30813,
                48.29369
              ],
              [
                22.29738,
                48.314
              ],
              [
                22.29645,
                48.3278
              ],
              [
                22.29872,
                48.33932
              ],
              [
                22.29872,
                48.34914
              ],
              [
                22.29128,
                48.35757
              ],
              [
                22.28436,
                48.35839
              ],
              [
                22.25676,
                48.35728
              ],
              [
                22.25697,
                48.37322
              ],
              [
                22.27185,
                48.40346
              ],
              [
                22.23609,
                48.41529
              ],
              [
                22.20198,
                48.41816
              ],
              [
                22.16922,
                48.40953
              ],
              [
                22.1593,
                48.40232
              ],
              [
                22.15826,
                48.40222
              ],
              [
                22.15651,
                48.40206
              ],
              [
                22.13284,
                48.4048
              ],
              [
                22.13377,
                48.47684
              ],
              [
                22.14483,
                48.49311
              ],
              [
                22.14834,
                48.50882
              ],
              [
                22.13666,
                48.54934
              ],
              [
                22.13873,
                48.56959
              ],
              [
                22.15372,
                48.58587
              ],
              [
                22.21904,
                48.62094
              ],
              [
                22.22524,
                48.62822
              ],
              [
                22.23568,
                48.64416
              ],
              [
                22.24322,
                48.65119
              ],
              [
                22.25552,
                48.65677
              ],
              [
                22.28218,
                48.6624
              ],
              [
                22.29428,
                48.66763
              ],
              [
                22.3103,
                48.68168
              ],
              [
                22.32249,
                48.70034
              ],
              [
                22.3289,
                48.72158
              ],
              [
                22.32766,
                48.74302
              ],
              [
                22.33076,
                48.75641
              ],
              [
                22.33841,
                48.76297
              ],
              [
                22.34781,
                48.76788
              ],
              [
                22.35649,
                48.77614
              ],
              [
                22.36342,
                48.78762
              ],
              [
                22.36569,
                48.79439
              ],
              [
                22.36352,
                48.82829
              ],
              [
                22.36156,
                48.83645
              ],
              [
                22.36228,
                48.84425
              ],
              [
                22.3689,
                48.85645
              ],
              [
                22.3708,
                48.85825
              ],
              [
                22.37841,
                48.86544
              ],
              [
                22.40238,
                48.87883
              ],
              [
                22.41179,
                48.88777
              ],
              [
                22.41375,
                48.89386
              ],
              [
                22.41365,
                48.90678
              ],
              [
                22.41489,
                48.91169
              ],
              [
                22.42729,
                48.92947
              ],
              [
                22.449,
                48.97143
              ],
              [
                22.46657,
                48.98053
              ],
              [
                22.50501,
                48.98425
              ],
              [
                22.52052,
                48.99293
              ],
              [
                22.5201,
                49.00983
              ],
              [
                22.52475,
                49.03287
              ],
              [
                22.53199,
                49.05571
              ],
              [
                22.53964,
                49.0722
              ],
              [
                22.56072,
                49.08553
              ],
              [
                22.58077,
                49.08145
              ],
              [
                22.61829,
                49.05422
              ],
              [
                22.64289,
                49.04316
              ],
              [
                22.66438,
                49.04145
              ],
              [
                22.68578,
                49.0428
              ],
              [
                22.72195,
                49.04104
              ],
              [
                22.74448,
                49.04554
              ],
              [
                22.75533,
                49.04471
              ],
              [
                22.76546,
                49.0384
              ],
              [
                22.78396,
                49.02135
              ],
              [
                22.79502,
                49.01902
              ],
              [
                22.8129,
                49.01288
              ],
              [
                22.83502,
                48.99975
              ],
              [
                22.85528,
                48.99401
              ],
              [
                22.86696,
                49.00998
              ],
              [
                22.86501,
                49.01324
              ],
              [
                22.86375,
                49.01536
              ],
              [
                22.84753,
                49.0337
              ],
              [
                22.84318,
                49.04311
              ],
              [
                22.84442,
                49.0567
              ],
              [
                22.85352,
                49.07628
              ],
              [
                22.85342,
                49.08476
              ],
              [
                22.84132,
                49.09489
              ],
              [
                22.79647,
                49.11137
              ],
              [
                22.77807,
                49.12031
              ],
              [
                22.74882,
                49.14558
              ],
              [
                22.71637,
                49.16057
              ],
              [
                22.72019,
                49.16119
              ],
              [
                22.72143,
                49.1616
              ],
              [
                22.70573,
                49.16884
              ],
              [
                22.6925,
                49.15793
              ],
              [
                22.68784,
                49.15592
              ],
              [
                22.68175,
                49.16124
              ],
              [
                22.68712,
                49.17338
              ],
              [
                22.70293,
                49.19503
              ],
              [
                22.71709,
                49.23043
              ],
              [
                22.73394,
                49.26087
              ],
              [
                22.73776,
                49.27539
              ],
              [
                22.72423,
                49.36706
              ],
              [
                22.71978,
                49.38298
              ],
              [
                22.7142,
                49.39063
              ],
              [
                22.6926,
                49.40551
              ],
              [
                22.67958,
                49.41895
              ],
              [
                22.67679,
                49.42448
              ],
              [
                22.67307,
                49.43585
              ],
              [
                22.66686,
                49.47838
              ],
              [
                22.66015,
                49.493
              ],
              [
                22.64092,
                49.52876
              ],
              [
                22.66583,
                49.56736
              ],
              [
                22.74169,
                49.63366
              ],
              [
                22.75895,
                49.6656
              ],
              [
                22.76619,
                49.67423
              ],
              [
                22.77735,
                49.68048
              ],
              [
                22.79885,
                49.68327
              ],
              [
                22.8098,
                49.68632
              ],
              [
                22.82665,
                49.69738
              ],
              [
                22.88825,
                49.76973
              ],
              [
                22.89796,
                49.77743
              ],
              [
                22.90675,
                49.7812
              ],
              [
                22.92442,
                49.78544
              ],
              [
                22.9331,
                49.79107
              ],
              [
                22.93775,
                49.7982
              ],
              [
                22.94592,
                49.81836
              ],
              [
                22.95119,
                49.82662
              ],
              [
                22.99305,
                49.85443
              ],
              [
                23.10146,
                49.95711
              ],
              [
                23.14125,
                49.98548
              ],
              [
                23.17784,
                50.00398
              ],
              [
                23.20792,
                50.03395
              ],
              [
                23.43643,
                50.19347
              ],
              [
                23.48159,
                50.21595
              ],
              [
                23.53606,
                50.24277
              ],
              [
                23.53617,
                50.24277
              ],
              [
                23.53627,
                50.24283
              ],
              [
                23.53637,
                50.24283
              ],
              [
                23.56531,
                50.25781
              ],
              [
                23.64417,
                50.31269
              ],
              [
                23.65802,
                50.32561
              ],
              [
                23.65868,
                50.327
              ],
              [
                23.67125,
                50.35357
              ],
              [
                23.6822,
                50.36825
              ],
              [
                23.69574,
                50.37677
              ],
              [
                23.713,
                50.3824
              ],
              [
                23.74752,
                50.38938
              ],
              [
                23.9287,
                50.39083
              ],
              [
                23.98131,
                50.40478
              ],
              [
                24.00322,
                50.4377
              ],
              [
                24.00776,
                50.4485
              ],
              [
                24.00942,
                50.46147
              ],
              [
                24.00787,
                50.48074
              ],
              [
                24.01066,
                50.49278
              ],
              [
                24.07505,
                50.51428
              ],
              [
                24.09396,
                50.52715
              ],
              [
                24.10647,
                50.53862
              ],
              [
                24.10771,
                50.54084
              ],
              [
                24.10254,
                50.54363
              ],
              [
                24.09541,
                50.55686
              ],
              [
                24.08528,
                50.60441
              ],
              [
                24.10843,
                50.62988
              ],
              [
                24.10816,
                50.63029
              ],
              [
                24.0828,
                50.66916
              ],
              [
                24.07494,
                50.69019
              ],
              [
                24.08104,
                50.71298
              ],
              [
                24.05417,
                50.71716
              ],
              [
                24.02688,
                50.72802
              ],
              [
                24.01283,
                50.74331
              ],
              [
                24.02585,
                50.76083
              ],
              [
                24.02585,
                50.76703
              ],
              [
                23.99795,
                50.7692
              ],
              [
                23.97428,
                50.77618
              ],
              [
                23.9595,
                50.78889
              ],
              [
                23.95764,
                50.80801
              ],
              [
                23.96994,
                50.82517
              ],
              [
                23.99288,
                50.83623
              ],
              [
                24.02048,
                50.83855
              ],
              [
                24.04694,
                50.8291
              ],
              [
                24.0673,
                50.83483
              ],
              [
                24.10047,
                50.83499
              ],
              [
                24.13086,
                50.83907
              ],
              [
                24.14316,
                50.85643
              ],
              [
                24.13024,
                50.86894
              ],
              [
                24.04694,
                50.89803
              ],
              [
                23.97934,
                50.93751
              ],
              [
                23.96436,
                50.95322
              ],
              [
                23.95888,
                50.96635
              ],
              [
                23.95784,
                50.97534
              ],
              [
                23.95505,
                50.98356
              ],
              [
                23.944,
                50.9942
              ],
              [
                23.9318,
                50.99947
              ],
              [
                23.91909,
                51.00273
              ],
              [
                23.91175,
                51.00681
              ],
              [
                23.91599,
                51.01467
              ],
              [
                23.91599,
                51.02087
              ],
              [
                23.90421,
                51.06272
              ],
              [
                23.89552,
                51.07611
              ],
              [
                23.86927,
                51.10174
              ],
              [
                23.85449,
                51.12153
              ],
              [
                23.85821,
                51.13073
              ],
              [
                23.87475,
                51.13613
              ],
              [
                23.86359,
                51.14827
              ],
              [
                23.81604,
                51.17879
              ],
              [
                23.76519,
                51.19902
              ],
              [
                23.74266,
                51.21625
              ],
              [
                23.68727,
                51.2924
              ],
              [
                23.67021,
                51.29938
              ],
              [
                23.65089,
                51.29961
              ],
              [
                23.63518,
                51.3047
              ],
              [
                23.62867,
                51.32596
              ],
              [
                23.63404,
                51.3393
              ],
              [
                23.64779,
                51.354
              ],
              [
                23.66556,
                51.36581
              ],
              [
                23.68386,
                51.37028
              ],
              [
                23.67766,
                51.38379
              ],
              [
                23.6789,
                51.39407
              ],
              [
                23.68603,
                51.40105
              ],
              [
                23.6976,
                51.40443
              ],
              [
                23.68944,
                51.41642
              ],
              [
                23.64872,
                51.45397
              ],
              [
                23.64717,
                51.46019
              ],
              [
                23.66277,
                51.48019
              ],
              [
                23.64861,
                51.48621
              ],
              [
                23.63053,
                51.49042
              ],
              [
                23.61482,
                51.49722
              ],
              [
                23.6081,
                51.51122
              ],
              [
                23.60624,
                51.5174
              ],
              [
                23.61544,
                51.51311
              ],
              [
                23.62412,
                51.5159
              ],
              [
                23.62867,
                51.53122
              ],
              [
                23.62629,
                51.54089
              ],
              [
                23.59911,
                51.58897
              ],
              [
                23.59332,
                51.59696
              ],
              [
                23.59435,
                51.60496
              ],
              [
                23.60645,
                51.61812
              ],
              [
                23.61668,
                51.62478
              ],
              [
                23.62898,
                51.62905
              ],
              [
                23.72623,
                51.64486
              ],
              [
                23.74969,
                51.64447
              ],
              [
                23.82028,
                51.63127
              ],
              [
                23.84529,
                51.62982
              ],
              [
                23.88488,
                51.61987
              ],
              [
                23.91289,
                51.59858
              ],
              [
                23.94131,
                51.58192
              ],
              [
                23.98131,
                51.586
              ],
              [
                24.13075,
                51.66979
              ],
              [
                24.24413,
                51.71821
              ],
              [
                24.27235,
                51.74289
              ],
              [
                24.29612,
                51.80813
              ],
              [
                24.31152,
                51.82756
              ],
              [
                24.3479,
                51.86115
              ],
              [
                24.3696,
                51.8751
              ],
              [
                24.39079,
                51.88001
              ],
              [
                24.63977,
                51.89213
              ],
              [
                24.70106,
                51.88291
              ],
              [
                24.72183,
                51.88234
              ],
              [
                25.00274,
                51.91048
              ],
              [
                25.09266,
                51.93975
              ],
              [
                25.13803,
                51.94895
              ],
              [
                25.1833,
                51.94975
              ],
              [
                25.35197,
                51.92148
              ],
              [
                25.5474,
                51.91944
              ],
              [
                25.68348,
                51.91802
              ],
              [
                25.76791,
                51.92851
              ],
              [
                25.98113,
                51.90347
              ],
              [
                26.05059,
                51.90482
              ],
              [
                26.08076,
                51.90066
              ],
              [
                26.14536,
                51.86485
              ],
              [
                26.17533,
                51.85671
              ],
              [
                26.40777,
                51.85061
              ],
              [
                26.41976,
                51.84686
              ],
              [
                26.41997,
                51.83973
              ],
              [
                26.41697,
                51.83064
              ],
              [
                26.41925,
                51.82092
              ],
              [
                26.43154,
                51.81022
              ],
              [
                26.4456,
                51.8056
              ],
              [
                26.66574,
                51.80139
              ],
              [
                26.8,
                51.76443
              ],
              [
                26.8,
                48.37456
              ]
            ]
          ]
        ]
      }
    },
    {
      "type": "Feature",
      "properties": {
        "id": "belarus",
        "name": "Białoruś",
        "name_pl": "Białoruś"
      },
      "geometry": {
        "type": "Polygon",
        "coordinates": [
          [
            [
              23.60624,
              51.5174
            ],
            [
              23.60231,
              51.53078
            ],
            [
              23.58867,
              51.5359
            ],
            [
              23.57275,
              51.53967
            ],
            [
              23.56035,
              51.5553
            ],
            [
              23.56717,
              51.55489
            ],
            [
              23.57399,
              51.5553
            ],
            [
              23.55208,
              51.57882
            ],
            [
              23.5434,
              51.59274
            ],
            [
              23.53989,
              51.60711
            ],
            [
              23.54516,
              51.63411
            ],
            [
              23.54381,
              51.6438
            ],
            [
              23.53244,
              51.6515
            ],
            [
              23.53244,
              51.65897
            ],
            [
              23.54144,
              51.65974
            ],
            [
              23.54753,
              51.66207
            ],
            [
              23.56035,
              51.67196
            ],
            [
              23.55539,
              51.6763
            ],
            [
              23.54929,
              51.6832
            ],
            [
              23.54609,
              51.68964
            ],
            [
              23.55001,
              51.69243
            ],
            [
              23.55921,
              51.69517
            ],
            [
              23.55694,
              51.70139
            ],
            [
              23.55022,
              51.70842
            ],
            [
              23.5466,
              51.71359
            ],
            [
              23.55229,
              51.73664
            ],
            [
              23.55632,
              51.74736
            ],
            [
              23.56035,
              51.75454
            ],
            [
              23.5773,
              51.76669
            ],
            [
              23.59828,
              51.77467
            ],
            [
              23.6175,
              51.7865
            ],
            [
              23.62867,
              51.80976
            ],
            [
              23.61027,
              51.82518
            ],
            [
              23.59456,
              51.8433
            ],
            [
              23.60572,
              51.85159
            ],
            [
              23.60986,
              51.87327
            ],
            [
              23.62185,
              51.87743
            ],
            [
              23.62133,
              51.88203
            ],
            [
              23.6206,
              51.88322
            ],
            [
              23.61885,
              51.88327
            ],
            [
              23.61492,
              51.88425
            ],
            [
              23.62143,
              51.89557
            ],
            [
              23.62215,
              51.92794
            ],
            [
              23.62867,
              51.94634
            ],
            [
              23.64758,
              51.97409
            ],
            [
              23.66071,
              51.98688
            ],
            [
              23.67641,
              51.99409
            ],
            [
              23.66494,
              52.01117
            ],
            [
              23.65078,
              52.04894
            ],
            [
              23.64251,
              52.0614
            ],
            [
              23.64148,
              52.07292
            ],
            [
              23.63745,
              52.08447
            ],
            [
              23.62525,
              52.08972
            ],
            [
              23.61585,
              52.0923
            ],
            [
              23.60986,
              52.09863
            ],
            [
              23.60479,
              52.10677
            ],
            [
              23.59818,
              52.11452
            ],
            [
              23.57937,
              52.12155
            ],
            [
              23.53193,
              52.12064
            ],
            [
              23.5125,
              52.12444
            ],
            [
              23.48469,
              52.15863
            ],
            [
              23.48873,
              52.16214
            ],
            [
              23.49152,
              52.1741
            ],
            [
              23.48769,
              52.18162
            ],
            [
              23.47095,
              52.17162
            ],
            [
              23.46433,
              52.17635
            ],
            [
              23.45441,
              52.18147
            ],
            [
              23.45049,
              52.18591
            ],
            [
              23.43674,
              52.17568
            ],
            [
              23.42723,
              52.17679
            ],
            [
              23.41824,
              52.1825
            ],
            [
              23.40573,
              52.18591
            ],
            [
              23.39137,
              52.1825
            ],
            [
              23.38847,
              52.18415
            ],
            [
              23.39581,
              52.19338
            ],
            [
              23.39581,
              52.19958
            ],
            [
              23.37483,
              52.20095
            ],
            [
              23.31272,
              52.21529
            ],
            [
              23.29959,
              52.22343
            ],
            [
              23.28419,
              52.21973
            ],
            [
              23.21226,
              52.23167
            ],
            [
              23.18973,
              52.24053
            ],
            [
              23.19768,
              52.25831
            ],
            [
              23.19448,
              52.27146
            ],
            [
              23.18352,
              52.28131
            ],
            [
              23.1761,
              52.28514
            ],
            [
              23.16875,
              52.28893
            ],
            [
              23.16565,
              52.28939
            ],
            [
              23.21205,
              52.3475
            ],
            [
              23.23045,
              52.36507
            ],
            [
              23.27055,
              52.39512
            ],
            [
              23.3923,
              52.50964
            ],
            [
              23.48046,
              52.55442
            ],
            [
              23.56903,
              52.58589
            ],
            [
              23.73615,
              52.6149
            ],
            [
              23.86896,
              52.67004
            ],
            [
              23.90875,
              52.69986
            ],
            [
              23.9225,
              52.7426
            ],
            [
              23.92043,
              52.77262
            ],
            [
              23.91206,
              52.89385
            ],
            [
              23.90948,
              52.9015
            ],
            [
              23.90545,
              52.90654
            ],
            [
              23.90203,
              52.91253
            ],
            [
              23.9011,
              52.92326
            ],
            [
              23.90389,
              52.93114
            ],
            [
              23.91495,
              52.94463
            ],
            [
              23.91795,
              52.9508
            ],
            [
              23.91754,
              52.95881
            ],
            [
              23.90906,
              52.98666
            ],
            [
              23.90896,
              52.99305
            ],
            [
              23.91134,
              53.00506
            ],
            [
              23.90968,
              53.01273
            ],
            [
              23.89821,
              53.02754
            ],
            [
              23.86793,
              53.05103
            ],
            [
              23.85935,
              53.06798
            ],
            [
              23.86069,
              53.08748
            ],
            [
              23.8703,
              53.10126
            ],
            [
              23.8824,
              53.1133
            ],
            [
              23.89139,
              53.12771
            ],
            [
              23.89366,
              53.15195
            ],
            [
              23.88312,
              53.16399
            ],
            [
              23.86596,
              53.172
            ],
            [
              23.84808,
              53.18381
            ],
            [
              23.8362,
              53.19929
            ],
            [
              23.82845,
              53.21383
            ],
            [
              23.81863,
              53.22797
            ],
            [
              23.80064,
              53.24246
            ],
            [
              23.78297,
              53.27094
            ],
            [
              23.74297,
              53.36548
            ],
            [
              23.72292,
              53.3971
            ],
            [
              23.6758,
              53.45571
            ],
            [
              23.59094,
              53.61125
            ],
            [
              23.56707,
              53.68101
            ],
            [
              23.56479,
              53.7424
            ],
            [
              23.56469,
              53.7424
            ],
            [
              23.5404,
              53.76359
            ],
            [
              23.52986,
              53.78416
            ],
            [
              23.52066,
              53.83734
            ],
            [
              23.51043,
              53.8625
            ],
            [
              23.4972,
              53.88555
            ],
            [
              23.48687,
              53.90999
            ],
            [
              23.48562,
              53.93929
            ],
            [
              23.52014,
              53.93397
            ],
            [
              23.60996,
              53.90183
            ],
            [
              23.62712,
              53.89821
            ],
            [
              23.64262,
              53.89899
            ],
            [
              23.69192,
              53.91149
            ],
            [
              23.75445,
              53.91676
            ],
            [
              23.77181,
              53.92431
            ],
            [
              23.78721,
              53.92792
            ],
            [
              23.79413,
              53.9271
            ],
            [
              23.81212,
              53.92084
            ],
            [
              23.82059,
              53.91929
            ],
            [
              23.82834,
              53.92007
            ],
            [
              23.90472,
              53.94606
            ],
            [
              23.91981,
              53.94777
            ],
            [
              23.93542,
              53.94394
            ],
            [
              23.96487,
              53.93273
            ],
            [
              23.98131,
              53.9304
            ],
            [
              24.04538,
              53.93087
            ],
            [
              24.07494,
              53.93573
            ],
            [
              24.13675,
              53.95542
            ],
            [
              24.16962,
              53.95893
            ],
            [
              24.20114,
              53.95247
            ],
            [
              24.22915,
              53.93237
            ],
            [
              24.24641,
              53.90364
            ],
            [
              24.25705,
              53.89402
            ],
            [
              24.27638,
              53.8918
            ],
            [
              24.31018,
              53.89268
            ],
            [
              24.3419,
              53.88705
            ],
            [
              24.37787,
              53.88684
            ],
            [
              24.41404,
              53.89769
            ],
            [
              24.52866,
              53.95836
            ],
            [
              24.5791,
              53.97562
            ],
            [
              24.64297,
              53.98301
            ],
            [
              24.66684,
              53.99386
            ],
            [
              24.67057,
              53.99428
            ],
            [
              24.67429,
              53.99371
            ],
            [
              24.6779,
              53.99231
            ],
            [
              24.69082,
              53.97283
            ],
            [
              24.7056,
              53.9642
            ],
            [
              24.7239,
              53.96343
            ],
            [
              24.7887,
              53.96968
            ],
            [
              24.80637,
              53.97531
            ],
            [
              24.81908,
              53.99231
            ],
            [
              24.81919,
              53.99242
            ],
            [
              24.81929,
              53.99252
            ],
            [
              24.81939,
              53.99257
            ],
            [
              24.82136,
              54.01991
            ],
            [
              24.81247,
              54.03892
            ],
            [
              24.79903,
              54.05603
            ],
            [
              24.78715,
              54.07763
            ],
            [
              24.7825,
              54.09287
            ],
            [
              24.78425,
              54.09623
            ],
            [
              24.79056,
              54.0966
            ],
            [
              24.79945,
              54.10321
            ],
            [
              24.81815,
              54.11013
            ],
            [
              24.81867,
              54.11396
            ],
            [
              24.81743,
              54.12062
            ],
            [
              24.81753,
              54.12822
            ],
            [
              24.82156,
              54.13453
            ],
            [
              24.85098,
              54.14495
            ],
            [
              24.85598,
              54.14672
            ],
            [
              24.90228,
              54.14977
            ],
            [
              24.94827,
              54.1459
            ],
            [
              25.02713,
              54.12786
            ],
            [
              25.07199,
              54.1322
            ],
            [
              25.1156,
              54.14879
            ],
            [
              25.15653,
              54.17571
            ],
            [
              25.17307,
              54.19659
            ],
            [
              25.19353,
              54.24367
            ],
            [
              25.20624,
              54.25679
            ],
            [
              25.22412,
              54.25855
            ],
            [
              25.28758,
              54.24522
            ],
            [
              25.36975,
              54.2479
            ],
            [
              25.39404,
              54.25715
            ],
            [
              25.43414,
              54.29183
            ],
            [
              25.45935,
              54.29891
            ],
            [
              25.47207,
              54.29715
            ],
            [
              25.47868,
              54.29333
            ],
            [
              25.48349,
              54.28769
            ],
            [
              25.55398,
              54.23127
            ],
            [
              25.5455,
              54.22749
            ],
            [
              25.52214,
              54.22863
            ],
            [
              25.50168,
              54.22176
            ],
            [
              25.4993,
              54.21183
            ],
            [
              25.52338,
              54.20424
            ],
            [
              25.52896,
              54.19566
            ],
            [
              25.52173,
              54.18822
            ],
            [
              25.4932,
              54.18243
            ],
            [
              25.48576,
              54.1754
            ],
            [
              25.49331,
              54.15752
            ],
            [
              25.51604,
              54.14476
            ],
            [
              25.54302,
              54.13696
            ],
            [
              25.63159,
              54.12832
            ],
            [
              25.6535,
              54.12874
            ],
            [
              25.66394,
              54.13236
            ],
            [
              25.67976,
              54.14533
            ],
            [
              25.69061,
              54.14822
            ],
            [
              25.72812,
              54.14522
            ],
            [
              25.74001,
              54.14626
            ],
            [
              25.76306,
              54.15644
            ],
            [
              25.77102,
              54.17215
            ],
            [
              25.77195,
              54.21788
            ],
            [
              25.77505,
              54.22248
            ],
            [
              25.78683,
              54.23178
            ],
            [
              25.78921,
              54.23622
            ],
            [
              25.78662,
              54.24232
            ],
            [
              25.78176,
              54.24444
            ],
            [
              25.77629,
              54.24563
            ],
            [
              25.77226,
              54.24894
            ],
            [
              25.76564,
              54.26
            ],
            [
              25.75779,
              54.26899
            ],
            [
              25.7489,
              54.27633
            ],
            [
              25.73929,
              54.28258
            ],
            [
              25.73474,
              54.2832
            ],
            [
              25.72327,
              54.28098
            ],
            [
              25.71924,
              54.28155
            ],
            [
              25.71541,
              54.28522
            ],
            [
              25.70477,
              54.30299
            ],
            [
              25.70177,
              54.31276
            ],
            [
              25.69598,
              54.32097
            ],
            [
              25.68234,
              54.32563
            ],
            [
              25.66735,
              54.3233
            ],
            [
              25.60741,
              54.30485
            ],
            [
              25.564,
              54.30315
            ],
            [
              25.5423,
              54.30806
            ],
            [
              25.52865,
              54.32097
            ],
            [
              25.53,
              54.34614
            ],
            [
              25.54881,
              54.36774
            ],
            [
              25.5947,
              54.40009
            ],
            [
              25.61258,
              54.4218
            ],
            [
              25.6163,
              54.44107
            ],
            [
              25.61557,
              54.4619
            ],
            [
              25.61991,
              54.4881
            ],
            [
              25.63087,
              54.50835
            ],
            [
              25.64616,
              54.52039
            ],
            [
              25.70735,
              54.54153
            ],
            [
              25.72647,
              54.55295
            ],
            [
              25.74042,
              54.56851
            ],
            [
              25.74559,
              54.5884
            ],
            [
              25.73991,
              54.60773
            ],
            [
              25.7151,
              54.64323
            ],
            [
              25.70838,
              54.66302
            ],
            [
              25.70952,
              54.67563
            ],
            [
              25.71386,
              54.68555
            ],
            [
              25.71913,
              54.69475
            ],
            [
              25.72306,
              54.70534
            ],
            [
              25.72461,
              54.71568
            ],
            [
              25.7212,
              54.76674
            ],
            [
              25.7243,
              54.78012
            ],
            [
              25.73495,
              54.78906
            ],
            [
              25.75675,
              54.80038
            ],
            [
              25.76657,
              54.80327
            ],
            [
              25.77339,
              54.80337
            ],
            [
              25.77846,
              54.80529
            ],
            [
              25.7829,
              54.81371
            ],
            [
              25.78228,
              54.82198
            ],
            [
              25.7737,
              54.84193
            ],
            [
              25.77226,
              54.85086
            ],
            [
              25.7827,
              54.86968
            ],
            [
              25.80254,
              54.88161
            ],
            [
              25.82579,
              54.892
            ],
            [
              25.84667,
              54.90621
            ],
            [
              25.85308,
              54.91644
            ],
            [
              25.85484,
              54.92549
            ],
            [
              25.85845,
              54.93298
            ],
            [
              25.87023,
              54.93882
            ],
            [
              25.90786,
              54.94807
            ],
            [
              25.92615,
              54.94776
            ],
            [
              25.96253,
              54.9429
            ],
            [
              25.98113,
              54.94269
            ],
            [
              26.10257,
              54.95701
            ],
            [
              26.13864,
              54.96895
            ],
            [
              26.15363,
              54.97851
            ],
            [
              26.17032,
              54.99326
            ],
            [
              26.18784,
              55.00874
            ],
            [
              26.22463,
              55.05488
            ],
            [
              26.22939,
              55.06341
            ],
            [
              26.23125,
              55.07545
            ],
            [
              26.23032,
              55.10025
            ],
            [
              26.233,
              55.11162
            ],
            [
              26.26442,
              55.1401
            ],
            [
              26.30948,
              55.14464
            ],
            [
              26.42028,
              55.12811
            ],
            [
              26.42875,
              55.12821
            ],
            [
              26.43857,
              55.13002
            ],
            [
              26.44477,
              55.13395
            ],
            [
              26.45066,
              55.13984
            ],
            [
              26.45914,
              55.14475
            ],
            [
              26.4734,
              55.14568
            ],
            [
              26.57893,
              55.11855
            ],
            [
              26.60094,
              55.12082
            ],
            [
              26.61634,
              55.1354
            ],
            [
              26.6275,
              55.16444
            ],
            [
              26.63391,
              55.19219
            ],
            [
              26.64114,
              55.20283
            ],
            [
              26.65696,
              55.21534
            ],
            [
              26.68569,
              55.23162
            ],
            [
              26.70109,
              55.23684
            ],
            [
              26.7399,
              55.24278
            ],
            [
              26.76558,
              55.24671
            ],
            [
              26.78966,
              55.2572
            ],
            [
              26.8,
              55.27227
            ],
            [
              26.8,
              55.27465
            ],
            [
              26.79157,
              55.29017
            ],
            [
              26.76863,
              55.30024
            ],
            [
              26.6027,
              55.31688
            ],
            [
              26.54234,
              55.30758
            ],
            [
              26.52539,
              55.3081
            ],
            [
              26.46575,
              55.32086
            ],
            [
              26.45004,
              55.32706
            ],
            [
              26.4455,
              55.3375
            ],
            [
              26.45521,
              55.3561
            ],
            [
              26.47909,
              55.38137
            ],
            [
              26.48601,
              55.39083
            ],
            [
              26.49924,
              55.42809
            ],
            [
              26.50782,
              55.43915
            ],
            [
              26.54327,
              55.45961
            ],
            [
              26.54647,
              55.47124
            ],
            [
              26.52766,
              55.49217
            ],
            [
              26.53211,
              55.51625
            ],
            [
              26.55164,
              55.53449
            ],
            [
              26.57613,
              55.55056
            ],
            [
              26.59557,
              55.56803
            ],
            [
              26.60518,
              55.5901
            ],
            [
              26.60766,
              55.61645
            ],
            [
              26.60383,
              55.64327
            ],
            [
              26.59453,
              55.66699
            ],
            [
              26.61561,
              55.68797
            ],
            [
              26.64011,
              55.69557
            ],
            [
              26.66688,
              55.69397
            ],
            [
              26.72011,
              55.68187
            ],
            [
              26.74305,
              55.68286
            ],
            [
              26.8,
              55.69945
            ],
            [
              26.8,
              51.76443
            ],
            [
              26.66574,
              51.80139
            ],
            [
              26.4456,
              51.8056
            ],
            [
              26.43154,
              51.81022
            ],
            [
              26.41925,
              51.82092
            ],
            [
              26.41697,
              51.83064
            ],
            [
              26.41997,
              51.83973
            ],
            [
              26.41976,
              51.84686
            ],
            [
              26.40777,
              51.85061
            ],
            [
              26.17533,
              51.85671
            ],
            [
              26.14536,
              51.86485
            ],
            [
              26.08076,
              51.90066
            ],
            [
              26.05059,
              51.90482
            ],
            [
              25.98113,
              51.90347
            ],
            [
              25.76791,
              51.92851
            ],
            [
              25.68348,
              51.91802
            ],
            [
              25.5474,
              51.91944
            ],
            [
              25.35197,
              51.92148
            ],
            [
              25.1833,
              51.94975
            ],
            [
              25.13803,
              51.94895
            ],
            [
              25.09266,
              51.93975
            ],
            [
              25.00274,
              51.91048
            ],
            [
              24.72183,
              51.88234
            ],
            [
              24.70106,
              51.88291
            ],
            [
              24.63977,
              51.89213
            ],
            [
              24.39079,
              51.88001
            ],
            [
              24.3696,
              51.8751
            ],
            [
              24.3479,
              51.86115
            ],
            [
              24.31152,
              51.82756
            ],
            [
              24.29612,
              51.80813
            ],
            [
              24.27235,
              51.74289
            ],
            [
              24.24413,
              51.71821
            ],
            [
              24.13075,
              51.66979
            ],
            [
              23.98131,
              51.586
            ],
            [
              23.94131,
              51.58192
            ],
            [
              23.91289,
              51.59858
            ],
            [
              23.88488,
              51.61987
            ],
            [
              23.84529,
              51.62982
            ],
            [
              23.82028,
              51.63127
            ],
            [
              23.74969,
              51.64447
            ],
            [
              23.72623,
              51.64486
            ],
            [
              23.62898,
              51.62905
            ],
            [
              23.61668,
              51.62478
            ],
            [
              23.60645,
              51.61812
            ],
            [
              23.59435,
              51.60496
            ],
            [
              23.59332,
              51.59696
            ],
            [
              23.59911,
              51.58897
            ],
            [
              23.62629,
              51.54089
            ],
            [
              23.62867,
              51.53122
            ],
            [
              23.62412,
              51.5159
            ],
            [
              23.61544,
              51.51311
            ],
            [
              23.60624,
              51.5174
            ]
          ]
        ]
      }
    },
    {
      "type": "Feature",
      "properties": {
        "id": "lithuania",
        "name": "Litwa",
        "name_pl": "Litwa"
      },
      "geometry": {
        "type": "MultiPolygon",
        "coordinates": [
          [
            [
              [
                26.59453,
                55.66699
              ],
              [
                26.60383,
                55.64327
              ],
              [
                26.60766,
                55.61645
              ],
              [
                26.60518,
                55.5901
              ],
              [
                26.59557,
                55.56803
              ],
              [
                26.57613,
                55.55056
              ],
              [
                26.55164,
                55.53449
              ],
              [
                26.53211,
                55.51625
              ],
              [
                26.52766,
                55.49217
              ],
              [
                26.54647,
                55.47124
              ],
              [
                26.54327,
                55.45961
              ],
              [
                26.50782,
                55.43915
              ],
              [
                26.49924,
                55.42809
              ],
              [
                26.48601,
                55.39083
              ],
              [
                26.47909,
                55.38137
              ],
              [
                26.45521,
                55.3561
              ],
              [
                26.4455,
                55.3375
              ],
              [
                26.45004,
                55.32706
              ],
              [
                26.46575,
                55.32086
              ],
              [
                26.52539,
                55.3081
              ],
              [
                26.54234,
                55.30758
              ],
              [
                26.6027,
                55.31688
              ],
              [
                26.76863,
                55.30024
              ],
              [
                26.79157,
                55.29017
              ],
              [
                26.8,
                55.27465
              ],
              [
                26.8,
                55.27227
              ],
              [
                26.78966,
                55.2572
              ],
              [
                26.76558,
                55.24671
              ],
              [
                26.7399,
                55.24278
              ],
              [
                26.70109,
                55.23684
              ],
              [
                26.68569,
                55.23162
              ],
              [
                26.65696,
                55.21534
              ],
              [
                26.64114,
                55.20283
              ],
              [
                26.63391,
                55.19219
              ],
              [
                26.6275,
                55.16444
              ],
              [
                26.61634,
                55.1354
              ],
              [
                26.60094,
                55.12082
              ],
              [
                26.57893,
                55.11855
              ],
              [
                26.4734,
                55.14568
              ],
              [
                26.45914,
                55.14475
              ],
              [
                26.45066,
                55.13984
              ],
              [
                26.44477,
                55.13395
              ],
              [
                26.43857,
                55.13002
              ],
              [
                26.42875,
                55.12821
              ],
              [
                26.42028,
                55.12811
              ],
              [
                26.30948,
                55.14464
              ],
              [
                26.26442,
                55.1401
              ],
              [
                26.233,
                55.11162
              ],
              [
                26.23032,
                55.10025
              ],
              [
                26.23125,
                55.07545
              ],
              [
                26.22939,
                55.06341
              ],
              [
                26.22463,
                55.05488
              ],
              [
                26.18784,
                55.00874
              ],
              [
                26.17032,
                54.99326
              ],
              [
                26.15363,
                54.97851
              ],
              [
                26.13864,
                54.96895
              ],
              [
                26.10257,
                54.95701
              ],
              [
                25.98113,
                54.94269
              ],
              [
                25.96253,
                54.9429
              ],
              [
                25.92615,
                54.94776
              ],
              [
                25.90786,
                54.94807
              ],
              [
                25.87023,
                54.93882
              ],
              [
                25.85845,
                54.93298
              ],
              [
                25.85484,
                54.92549
              ],
              [
                25.85308,
                54.91644
              ],
              [
                25.84667,
                54.90621
              ],
              [
                25.82579,
                54.892
              ],
              [
                25.80254,
                54.88161
              ],
              [
                25.7827,
                54.86968
              ],
              [
                25.77226,
                54.85086
              ],
              [
                25.7737,
                54.84193
              ],
              [
                25.78228,
                54.82198
              ],
              [
                25.7829,
                54.81371
              ],
              [
                25.77846,
                54.80529
              ],
              [
                25.77339,
                54.80337
              ],
              [
                25.76657,
                54.80327
              ],
              [
                25.75675,
                54.80038
              ],
              [
                25.73495,
                54.78906
              ],
              [
                25.7243,
                54.78012
              ],
              [
                25.7212,
                54.76674
              ],
              [
                25.72461,
                54.71568
              ],
              [
                25.72306,
                54.70534
              ],
              [
                25.71913,
                54.69475
              ],
              [
                25.71386,
                54.68555
              ],
              [
                25.70952,
                54.67563
              ],
              [
                25.70838,
                54.66302
              ],
              [
                25.7151,
                54.64323
              ],
              [
                25.73991,
                54.60773
              ],
              [
                25.74559,
                54.5884
              ],
              [
                25.74042,
                54.56851
              ],
              [
                25.72647,
                54.55295
              ],
              [
                25.70735,
                54.54153
              ],
              [
                25.64616,
                54.52039
              ],
              [
                25.63087,
                54.50835
              ],
              [
                25.61991,
                54.4881
              ],
              [
                25.61557,
                54.4619
              ],
              [
                25.6163,
                54.44107
              ],
              [
                25.61258,
                54.4218
              ],
              [
                25.5947,
                54.40009
              ],
              [
                25.54881,
                54.36774
              ],
              [
                25.53,
                54.34614
              ],
              [
                25.52865,
                54.32097
              ],
              [
                25.5423,
                54.30806
              ],
              [
                25.564,
                54.30315
              ],
              [
                25.60741,
                54.30485
              ],
              [
                25.66735,
                54.3233
              ],
              [
                25.68234,
                54.32563
              ],
              [
                25.69598,
                54.32097
              ],
              [
                25.70177,
                54.31276
              ],
              [
                25.70477,
                54.30299
              ],
              [
                25.71541,
                54.28522
              ],
              [
                25.71924,
                54.28155
              ],
              [
                25.72327,
                54.28098
              ],
              [
                25.73474,
                54.2832
              ],
              [
                25.73929,
                54.28258
              ],
              [
                25.7489,
                54.27633
              ],
              [
                25.75779,
                54.26899
              ],
              [
                25.76564,
                54.26
              ],
              [
                25.77226,
                54.24894
              ],
              [
                25.77629,
                54.24563
              ],
              [
                25.78176,
                54.24444
              ],
              [
                25.78662,
                54.24232
              ],
              [
                25.78921,
                54.23622
              ],
              [
                25.78683,
                54.23178
              ],
              [
                25.77505,
                54.22248
              ],
              [
                25.77195,
                54.21788
              ],
              [
                25.77102,
                54.17215
              ],
              [
                25.76306,
                54.15644
              ],
              [
                25.74001,
                54.14626
              ],
              [
                25.72812,
                54.14522
              ],
              [
                25.69061,
                54.14822
              ],
              [
                25.67976,
                54.14533
              ],
              [
                25.66394,
                54.13236
              ],
              [
                25.6535,
                54.12874
              ],
              [
                25.63159,
                54.12832
              ],
              [
                25.54302,
                54.13696
              ],
              [
                25.51604,
                54.14476
              ],
              [
                25.49331,
                54.15752
              ],
              [
                25.48576,
                54.1754
              ],
              [
                25.4932,
                54.18243
              ],
              [
                25.52173,
                54.18822
              ],
              [
                25.52896,
                54.19566
              ],
              [
                25.52338,
                54.20424
              ],
              [
                25.4993,
                54.21183
              ],
              [
                25.50168,
                54.22176
              ],
              [
                25.52214,
                54.22863
              ],
              [
                25.5455,
                54.22749
              ],
              [
                25.55398,
                54.23127
              ],
              [
                25.48349,
                54.28769
              ],
              [
                25.47868,
                54.29333
              ],
              [
                25.47207,
                54.29715
              ],
              [
                25.45935,
                54.29891
              ],
              [
                25.43414,
                54.29183
              ],
              [
                25.39404,
                54.25715
              ],
              [
                25.36975,
                54.2479
              ],
              [
                25.28758,
                54.24522
              ],
              [
                25.22412,
                54.25855
              ],
              [
                25.20624,
                54.25679
              ],
              [
                25.19353,
                54.24367
              ],
              [
                25.17307,
                54.19659
              ],
              [
                25.15653,
                54.17571
              ],
              [
                25.1156,
                54.14879
              ],
              [
                25.07199,
                54.1322
              ],
              [
                25.02713,
                54.12786
              ],
              [
                24.94827,
                54.1459
              ],
              [
                24.90228,
                54.14977
              ],
              [
                24.85598,
                54.14672
              ],
              [
                24.85098,
                54.14495
              ],
              [
                24.82156,
                54.13453
              ],
              [
                24.81753,
                54.12822
              ],
              [
                24.81743,
                54.12062
              ],
              [
                24.81867,
                54.11396
              ],
              [
                24.81815,
                54.11013
              ],
              [
                24.79945,
                54.10321
              ],
              [
                24.79056,
                54.0966
              ],
              [
                24.78425,
                54.09623
              ],
              [
                24.7825,
                54.09287
              ],
              [
                24.78715,
                54.07763
              ],
              [
                24.79903,
                54.05603
              ],
              [
                24.81247,
                54.03892
              ],
              [
                24.82136,
                54.01991
              ],
              [
                24.81939,
                53.99257
              ],
              [
                24.81929,
                53.99252
              ],
              [
                24.81919,
                53.99242
              ],
              [
                24.81908,
                53.99231
              ],
              [
                24.80637,
                53.97531
              ],
              [
                24.7887,
                53.96968
              ],
              [
                24.7239,
                53.96343
              ],
              [
                24.7056,
                53.9642
              ],
              [
                24.69082,
                53.97283
              ],
              [
                24.6779,
                53.99231
              ],
              [
                24.67429,
                53.99371
              ],
              [
                24.67057,
                53.99428
              ],
              [
                24.66684,
                53.99386
              ],
              [
                24.64297,
                53.98301
              ],
              [
                24.5791,
                53.97562
              ],
              [
                24.52866,
                53.95836
              ],
              [
                24.41404,
                53.89769
              ],
              [
                24.37787,
                53.88684
              ],
              [
                24.3419,
                53.88705
              ],
              [
                24.31018,
                53.89268
              ],
              [
                24.27638,
                53.8918
              ],
              [
                24.25705,
                53.89402
              ],
              [
                24.24641,
                53.90364
              ],
              [
                24.22915,
                53.93237
              ],
              [
                24.20114,
                53.95247
              ],
              [
                24.16962,
                53.95893
              ],
              [
                24.13675,
                53.95542
              ],
              [
                24.07494,
                53.93573
              ],
              [
                24.04538,
                53.93087
              ],
              [
                23.98131,
                53.9304
              ],
              [
                23.96487,
                53.93273
              ],
              [
                23.93542,
                53.94394
              ],
              [
                23.91981,
                53.94777
              ],
              [
                23.90472,
                53.94606
              ],
              [
                23.82834,
                53.92007
              ],
              [
                23.82059,
                53.91929
              ],
              [
                23.81212,
                53.92084
              ],
              [
                23.79413,
                53.9271
              ],
              [
                23.78721,
                53.92792
              ],
              [
                23.77181,
                53.92431
              ],
              [
                23.75445,
                53.91676
              ],
              [
                23.69192,
                53.91149
              ],
              [
                23.64262,
                53.89899
              ],
              [
                23.62712,
                53.89821
              ],
              [
                23.60996,
                53.90183
              ],
              [
                23.52014,
                53.93397
              ],
              [
                23.48562,
                53.93929
              ],
              [
                23.48976,
                53.94513
              ],
              [
                23.49038,
                53.95061
              ],
              [
                23.48749,
                53.95562
              ],
              [
                23.48159,
                53.96012
              ],
              [
                23.47095,
                53.96529
              ],
              [
                23.46289,
                53.97252
              ],
              [
                23.45865,
                53.98162
              ],
              [
                23.45927,
                53.99231
              ],
              [
                23.46413,
                53.99676
              ],
              [
                23.4695,
                54.00068
              ],
              [
                23.48159,
                54.00663
              ],
              [
                23.49648,
                54.02197
              ],
              [
                23.49617,
                54.04456
              ],
              [
                23.48159,
                54.09122
              ],
              [
                23.47395,
                54.11256
              ],
              [
                23.46299,
                54.13494
              ],
              [
                23.44904,
                54.15494
              ],
              [
                23.4325,
                54.16931
              ],
              [
                23.4233,
                54.17251
              ],
              [
                23.40181,
                54.17597
              ],
              [
                23.39147,
                54.1801
              ],
              [
                23.38227,
                54.18786
              ],
              [
                23.36408,
                54.20827
              ],
              [
                23.35447,
                54.21705
              ],
              [
                23.33599,
                54.22629
              ],
              [
                23.31602,
                54.23628
              ],
              [
                23.23541,
                54.25416
              ],
              [
                23.19727,
                54.26785
              ],
              [
                23.13526,
                54.29829
              ],
              [
                23.11707,
                54.30346
              ],
              [
                23.09691,
                54.30082
              ],
              [
                23.07304,
                54.29488
              ],
              [
                23.0501,
                54.29483
              ],
              [
                23.03211,
                54.30955
              ],
              [
                23.03222,
                54.32015
              ],
              [
                23.038,
                54.33147
              ],
              [
                23.04162,
                54.34097
              ],
              [
                23.03532,
                54.3465
              ],
              [
                23.001,
                54.34888
              ],
              [
                22.98974,
                54.35338
              ],
              [
                22.98343,
                54.35978
              ],
              [
                22.97899,
                54.36759
              ],
              [
                22.9733,
                54.37539
              ],
              [
                22.96266,
                54.3817
              ],
              [
                22.95243,
                54.38309
              ],
              [
                22.92969,
                54.3803
              ],
              [
                22.91884,
                54.38113
              ],
              [
                22.85889,
                54.39921
              ],
              [
                22.8376,
                54.40092
              ],
              [
                22.8127,
                54.3941
              ],
              [
                22.81134,
                54.39263
              ],
              [
                22.78603,
                54.36521
              ],
              [
                22.76722,
                54.35627
              ],
              [
                22.70697,
                54.41875
              ],
              [
                22.6804,
                54.45322
              ],
              [
                22.67462,
                54.49228
              ],
              [
                22.68175,
                54.5699
              ],
              [
                22.70366,
                54.61755
              ],
              [
                22.7081,
                54.63563
              ],
              [
                22.70697,
                54.64648
              ],
              [
                22.70076,
                54.66933
              ],
              [
                22.70087,
                54.67956
              ],
              [
                22.7051,
                54.68653
              ],
              [
                22.72702,
                54.70534
              ],
              [
                22.72753,
                54.70932
              ],
              [
                22.72484,
                54.71377
              ],
              [
                22.72278,
                54.71857
              ],
              [
                22.72484,
                54.72338
              ],
              [
                22.72826,
                54.72508
              ],
              [
                22.73673,
                54.72633
              ],
              [
                22.74727,
                54.7316
              ],
              [
                22.76484,
                54.73712
              ],
              [
                22.77301,
                54.7425
              ],
              [
                22.78665,
                54.75599
              ],
              [
                22.81776,
                54.76917
              ],
              [
                22.83285,
                54.77867
              ],
              [
                22.84577,
                54.79614
              ],
              [
                22.84835,
                54.81381
              ],
              [
                22.84432,
                54.83226
              ],
              [
                22.82934,
                54.87272
              ],
              [
                22.82127,
                54.88549
              ],
              [
                22.80887,
                54.89376
              ],
              [
                22.74924,
                54.90988
              ],
              [
                22.74097,
                54.91763
              ],
              [
                22.75213,
                54.93112
              ],
              [
                22.7388,
                54.93412
              ],
              [
                22.72919,
                54.94037
              ],
              [
                22.72205,
                54.94719
              ],
              [
                22.71554,
                54.95138
              ],
              [
                22.70614,
                54.95313
              ],
              [
                22.64991,
                54.95287
              ],
              [
                22.63348,
                54.95794
              ],
              [
                22.6217,
                54.97003
              ],
              [
                22.60837,
                54.99241
              ],
              [
                22.59162,
                55.03762
              ],
              [
                22.58067,
                55.05762
              ],
              [
                22.57117,
                55.06399
              ],
              [
                22.56547,
                55.0678
              ],
              [
                22.54108,
                55.07576
              ],
              [
                22.43628,
                55.05778
              ],
              [
                22.26988,
                55.06954
              ],
              [
                22.25128,
                55.07085
              ],
              [
                22.14266,
                55.05463
              ],
              [
                22.12984,
                55.04698
              ],
              [
                22.11847,
                55.03778
              ],
              [
                22.09987,
                55.02992
              ],
              [
                22.07682,
                55.02858
              ],
              [
                22.04995,
                55.03354
              ],
              [
                22.02773,
                55.04439
              ],
              [
                22.01863,
                55.06093
              ],
              [
                22.01863,
                55.07731
              ],
              [
                22.01543,
                55.08842
              ],
              [
                22.00344,
                55.09349
              ],
              [
                21.9775,
                55.09199
              ],
              [
                21.95135,
                55.08046
              ],
              [
                21.94277,
                55.07829
              ],
              [
                21.93295,
                55.08046
              ],
              [
                21.90856,
                55.08987
              ],
              [
                21.87322,
                55.09493
              ],
              [
                21.85389,
                55.10222
              ],
              [
                21.81989,
                55.11932
              ],
              [
                21.75064,
                55.12795
              ],
              [
                21.73338,
                55.13633
              ],
              [
                21.71622,
                55.14945
              ],
              [
                21.64584,
                55.18103
              ],
              [
                21.60512,
                55.1925
              ],
              [
                21.50394,
                55.19441
              ],
              [
                21.46766,
                55.21115
              ],
              [
                21.40555,
                55.27239
              ],
              [
                21.37485,
                55.28996
              ],
              [
                21.34984,
                55.28779
              ],
              [
                21.26759,
                55.24868
              ],
              [
                21.26905,
                55.25357
              ],
              [
                21.2645,
                55.27656
              ],
              [
                21.26441,
                55.284
              ],
              [
                21.27084,
                55.28803
              ],
              [
                21.27809,
                55.28657
              ],
              [
                21.28533,
                55.28706
              ],
              [
                21.29119,
                55.29707
              ],
              [
                21.28924,
                55.30524
              ],
              [
                21.28248,
                55.31684
              ],
              [
                21.27418,
                55.32734
              ],
              [
                21.26759,
                55.33185
              ],
              [
                21.25945,
                55.33625
              ],
              [
                21.25636,
                55.34675
              ],
              [
                21.25709,
                55.36937
              ],
              [
                21.24659,
                55.37018
              ],
              [
                21.18881,
                55.33861
              ],
              [
                21.18336,
                55.34618
              ],
              [
                21.18328,
                55.34837
              ],
              [
                21.18605,
                55.34919
              ],
              [
                21.22429,
                55.39932
              ],
              [
                21.23276,
                55.40693
              ],
              [
                21.2483,
                55.41787
              ],
              [
                21.24838,
                55.44233
              ],
              [
                21.23658,
                55.48265
              ],
              [
                21.22429,
                55.5124
              ],
              [
                21.22291,
                55.52021
              ],
              [
                21.21852,
                55.52363
              ],
              [
                21.209,
                55.52961
              ],
              [
                21.19939,
                55.53766
              ],
              [
                21.19508,
                55.54719
              ],
              [
                21.19606,
                55.55939
              ],
              [
                21.19777,
                55.56733
              ],
              [
                21.19809,
                55.57477
              ],
              [
                21.19508,
                55.58511
              ],
              [
                21.15756,
                55.64175
              ],
              [
                21.15016,
                55.65933
              ],
              [
                21.14723,
                55.67817
              ],
              [
                21.1408,
                55.68814
              ],
              [
                21.09938,
                55.72907
              ],
              [
                21.08953,
                55.73526
              ],
              [
                21.08074,
                55.73859
              ],
              [
                21.07439,
                55.74494
              ],
              [
                21.06984,
                55.76972
              ],
              [
                21.06056,
                55.78925
              ],
              [
                21.04469,
                55.87373
              ],
              [
                21.04469,
                55.91771
              ],
              [
                21.04689,
                55.92866
              ],
              [
                21.05616,
                55.94253
              ],
              [
                21.05836,
                55.95185
              ],
              [
                21.05836,
                56.03754
              ],
              [
                21.0534,
                56.07262
              ],
              [
                21.09135,
                56.0779
              ],
              [
                21.15016,
                56.07818
              ],
              [
                21.19036,
                56.08446
              ],
              [
                21.20535,
                56.10342
              ],
              [
                21.21259,
                56.13099
              ],
              [
                21.22964,
                56.16319
              ],
              [
                21.25486,
                56.1852
              ],
              [
                21.29041,
                56.20693
              ],
              [
                21.32762,
                56.22437
              ],
              [
                21.35831,
                56.23324
              ],
              [
                21.40368,
                56.23448
              ],
              [
                21.41929,
                56.23739
              ],
              [
                21.55892,
                56.29729
              ],
              [
                21.56842,
                56.3
              ],
              [
                24.00955,
                56.3
              ],
              [
                24.07515,
                56.27119
              ],
              [
                24.10864,
                56.2607
              ],
              [
                24.13892,
                56.25745
              ],
              [
                24.14042,
                56.2576
              ],
              [
                24.16682,
                56.26031
              ],
              [
                24.28764,
                56.29553
              ],
              [
                24.31855,
                56.29858
              ],
              [
                24.35079,
                56.29155
              ],
              [
                24.41435,
                56.26551
              ],
              [
                24.44722,
                56.26052
              ],
              [
                24.48133,
                56.26884
              ],
              [
                24.539,
                56.28762
              ],
              [
                24.55791,
                56.29858
              ],
              [
                24.55979,
                56.3
              ],
              [
                24.97392,
                56.3
              ],
              [
                24.98321,
                56.29049
              ],
              [
                25.01649,
                56.2699
              ],
              [
                25.0262,
                56.26018
              ],
              [
                25.04398,
                56.22799
              ],
              [
                25.07313,
                56.19781
              ],
              [
                25.1092,
                56.18308
              ],
              [
                25.34909,
                56.15988
              ],
              [
                25.45481,
                56.14965
              ],
              [
                25.52276,
                56.15657
              ],
              [
                25.57289,
                56.14303
              ],
              [
                25.59004,
                56.14112
              ],
              [
                25.64968,
                56.14381
              ],
              [
                25.66187,
                56.14081
              ],
              [
                25.66921,
                56.13203
              ],
              [
                25.68782,
                56.09833
              ],
              [
                25.6966,
                56.0879
              ],
              [
                25.7088,
                56.08105
              ],
              [
                25.76626,
                56.05865
              ],
              [
                25.7955,
                56.04013
              ],
              [
                25.87127,
                55.99214
              ],
              [
                25.96125,
                55.95846
              ],
              [
                26.01762,
                55.93736
              ],
              [
                26.07942,
                55.89814
              ],
              [
                26.17864,
                55.84959
              ],
              [
                26.20375,
                55.82745
              ],
              [
                26.2269,
                55.79693
              ],
              [
                26.27972,
                55.74324
              ],
              [
                26.34235,
                55.71634
              ],
              [
                26.48105,
                55.67831
              ],
              [
                26.53748,
                55.66952
              ],
              [
                26.59453,
                55.66699
              ]
            ]
          ],
          [
            [
              [
                20.98943,
                55.27312
              ],
              [
                20.92457,
                55.28266
              ],
              [
                20.92481,
                55.2829
              ],
              [
                20.99952,
                55.357
              ],
              [
                21.04152,
                55.41608
              ],
              [
                21.08237,
                55.49763
              ],
              [
                21.09311,
                55.58169
              ],
              [
                21.09938,
                55.5987
              ],
              [
                21.09392,
                55.60346
              ],
              [
                21.09938,
                55.61298
              ],
              [
                21.09067,
                55.63312
              ],
              [
                21.09352,
                55.69554
              ],
              [
                21.08522,
                55.72285
              ],
              [
                21.11744,
                55.69977
              ],
              [
                21.13152,
                55.65559
              ],
              [
                21.13356,
                55.56831
              ],
              [
                21.13136,
                55.55573
              ],
              [
                21.12208,
                55.53901
              ],
              [
                21.11988,
                55.52705
              ],
              [
                21.11988,
                55.48945
              ],
              [
                21.10841,
                55.47309
              ],
              [
                21.09262,
                55.45661
              ],
              [
                21.08717,
                55.44107
              ],
              [
                21.10621,
                55.42744
              ],
              [
                21.10621,
                55.42121
              ],
              [
                21.09181,
                55.41071
              ],
              [
                21.0735,
                55.39179
              ],
              [
                21.05763,
                55.36945
              ],
              [
                21.05095,
                55.34886
              ],
              [
                21.03785,
                55.3286
              ],
              [
                20.98894,
                55.29133
              ],
              [
                20.98943,
                55.27312
              ]
            ]
          ]
        ]
      }
    },
    {
      "type": "Feature",
      "properties": {
        "id": "russia",
        "name": "Rosja",
        "name_pl": "Rosja"
      },
      "geometry": {
        "type": "MultiPolygon",
        "coordinates": [
          [
            [
              [
                22.76722,
                54.35627
              ],
              [
                22.69839,
                54.34294
              ],
              [
                22.51039,
                54.34878
              ],
              [
                22.27712,
                54.35606
              ],
              [
                21.99895,
                54.36467
              ],
              [
                21.72077,
                54.37327
              ],
              [
                21.28741,
                54.38676
              ],
              [
                20.92961,
                54.39782
              ],
              [
                20.64084,
                54.40678
              ],
              [
                20.35207,
                54.41575
              ],
              [
                19.9647,
                54.42784
              ],
              [
                19.75826,
                54.43426
              ],
              [
                19.68028,
                54.43668
              ],
              [
                19.63077,
                54.44665
              ],
              [
                19.60955,
                54.45673
              ],
              [
                19.60963,
                54.45673
              ],
              [
                19.62647,
                54.46101
              ],
              [
                19.62647,
                54.46845
              ],
              [
                19.73406,
                54.5257
              ],
              [
                19.83188,
                54.59813
              ],
              [
                19.88315,
                54.65619
              ],
              [
                19.88868,
                54.66022
              ],
              [
                19.89283,
                54.66104
              ],
              [
                19.89633,
                54.66218
              ],
              [
                19.90016,
                54.66706
              ],
              [
                19.90105,
                54.6717
              ],
              [
                19.89926,
                54.68301
              ],
              [
                19.90016,
                54.68757
              ],
              [
                19.90561,
                54.69481
              ],
              [
                19.91521,
                54.70254
              ],
              [
                19.93019,
                54.71943
              ],
              [
                19.95631,
                54.7569
              ],
              [
                19.96168,
                54.77318
              ],
              [
                19.95883,
                54.79682
              ],
              [
                19.95232,
                54.81631
              ],
              [
                19.92579,
                54.86713
              ],
              [
                19.92221,
                54.87661
              ],
              [
                19.92066,
                54.88959
              ],
              [
                19.93434,
                54.91694
              ],
              [
                19.94077,
                54.93439
              ],
              [
                19.95672,
                54.95185
              ],
              [
                19.97674,
                54.96459
              ],
              [
                19.99586,
                54.96809
              ],
              [
                20.02166,
                54.95124
              ],
              [
                20.0337,
                54.94819
              ],
              [
                20.07496,
                54.95441
              ],
              [
                20.14356,
                54.95181
              ],
              [
                20.20582,
                54.95844
              ],
              [
                20.36557,
                54.94619
              ],
              [
                20.40699,
                54.95161
              ],
              [
                20.48243,
                54.97553
              ],
              [
                20.63404,
                55.04877
              ],
              [
                20.80844,
                55.17626
              ],
              [
                20.82228,
                55.18098
              ],
              [
                20.92457,
                55.28266
              ],
              [
                20.98943,
                55.27312
              ],
              [
                20.98951,
                55.27041
              ],
              [
                20.95191,
                55.25471
              ],
              [
                20.94109,
                55.24868
              ],
              [
                20.94313,
                55.24531
              ],
              [
                20.94337,
                55.24453
              ],
              [
                20.93702,
                55.23774
              ],
              [
                20.9131,
                55.23322
              ],
              [
                20.90333,
                55.22582
              ],
              [
                20.90553,
                55.21857
              ],
              [
                20.89527,
                55.21625
              ],
              [
                20.89064,
                55.21259
              ],
              [
                20.88844,
                55.206
              ],
              [
                20.88404,
                55.19806
              ],
              [
                20.87696,
                55.19184
              ],
              [
                20.86069,
                55.18134
              ],
              [
                20.85304,
                55.17414
              ],
              [
                20.83481,
                55.15205
              ],
              [
                20.82374,
                55.14313
              ],
              [
                20.77361,
                55.11449
              ],
              [
                20.68784,
                55.05069
              ],
              [
                20.55812,
                54.98176
              ],
              [
                20.54868,
                54.97797
              ],
              [
                20.53989,
                54.97663
              ],
              [
                20.53338,
                54.97358
              ],
              [
                20.53093,
                54.96467
              ],
              [
                20.53395,
                54.95966
              ],
              [
                20.54135,
                54.95205
              ],
              [
                20.55047,
                54.94477
              ],
              [
                20.55812,
                54.94082
              ],
              [
                20.57691,
                54.93891
              ],
              [
                20.76368,
                54.9477
              ],
              [
                20.80519,
                54.94082
              ],
              [
                20.86036,
                54.91132
              ],
              [
                20.96909,
                54.89981
              ],
              [
                21.03932,
                54.904
              ],
              [
                21.05095,
                54.91039
              ],
              [
                21.05592,
                54.91445
              ],
              [
                21.06617,
                54.9101
              ],
              [
                21.07602,
                54.90339
              ],
              [
                21.07895,
                54.89981
              ],
              [
                21.09067,
                54.90156
              ],
              [
                21.09693,
                54.90546
              ],
              [
                21.10084,
                54.90998
              ],
              [
                21.10621,
                54.91352
              ],
              [
                21.19028,
                54.92691
              ],
              [
                21.23015,
                54.93891
              ],
              [
                21.24342,
                54.96125
              ],
              [
                21.23634,
                54.98078
              ],
              [
                21.21941,
                55.01325
              ],
              [
                21.19508,
                55.1354
              ],
              [
                21.1919,
                55.14346
              ],
              [
                21.19158,
                55.14716
              ],
              [
                21.18344,
                55.16865
              ],
              [
                21.18133,
                55.17109
              ],
              [
                21.18133,
                55.19335
              ],
              [
                21.18344,
                55.20173
              ],
              [
                21.18881,
                55.20832
              ],
              [
                21.20167,
                55.21442
              ],
              [
                21.2103,
                55.21149
              ],
              [
                21.21664,
                55.20527
              ],
              [
                21.22291,
                55.20148
              ],
              [
                21.23683,
                55.20063
              ],
              [
                21.24887,
                55.20148
              ],
              [
                21.25904,
                55.20498
              ],
              [
                21.26759,
                55.21174
              ],
              [
                21.27133,
                55.22028
              ],
              [
                21.27329,
                55.23265
              ],
              [
                21.27231,
                55.24384
              ],
              [
                21.26759,
                55.24868
              ],
              [
                21.34984,
                55.28779
              ],
              [
                21.37485,
                55.28996
              ],
              [
                21.40555,
                55.27239
              ],
              [
                21.46766,
                55.21115
              ],
              [
                21.50394,
                55.19441
              ],
              [
                21.60512,
                55.1925
              ],
              [
                21.64584,
                55.18103
              ],
              [
                21.71622,
                55.14945
              ],
              [
                21.73338,
                55.13633
              ],
              [
                21.75064,
                55.12795
              ],
              [
                21.81989,
                55.11932
              ],
              [
                21.85389,
                55.10222
              ],
              [
                21.87322,
                55.09493
              ],
              [
                21.90856,
                55.08987
              ],
              [
                21.93295,
                55.08046
              ],
              [
                21.94277,
                55.07829
              ],
              [
                21.95135,
                55.08046
              ],
              [
                21.9775,
                55.09199
              ],
              [
                22.00344,
                55.09349
              ],
              [
                22.01543,
                55.08842
              ],
              [
                22.01863,
                55.07731
              ],
              [
                22.01863,
                55.06093
              ],
              [
                22.02773,
                55.04439
              ],
              [
                22.04995,
                55.03354
              ],
              [
                22.07682,
                55.02858
              ],
              [
                22.09987,
                55.02992
              ],
              [
                22.11847,
                55.03778
              ],
              [
                22.12984,
                55.04698
              ],
              [
                22.14266,
                55.05463
              ],
              [
                22.25128,
                55.07085
              ],
              [
                22.26988,
                55.06954
              ],
              [
                22.43628,
                55.05778
              ],
              [
                22.54108,
                55.07576
              ],
              [
                22.56547,
                55.0678
              ],
              [
                22.57117,
                55.06399
              ],
              [
                22.58067,
                55.05762
              ],
              [
                22.59162,
                55.03762
              ],
              [
                22.60837,
                54.99241
              ],
              [
                22.6217,
                54.97003
              ],
              [
                22.63348,
                54.95794
              ],
              [
                22.64991,
                54.95287
              ],
              [
                22.70614,
                54.95313
              ],
              [
                22.71554,
                54.95138
              ],
              [
                22.72205,
                54.94719
              ],
              [
                22.72919,
                54.94037
              ],
              [
                22.7388,
                54.93412
              ],
              [
                22.75213,
                54.93112
              ],
              [
                22.74097,
                54.91763
              ],
              [
                22.74924,
                54.90988
              ],
              [
                22.80887,
                54.89376
              ],
              [
                22.82127,
                54.88549
              ],
              [
                22.82934,
                54.87272
              ],
              [
                22.84432,
                54.83226
              ],
              [
                22.84835,
                54.81381
              ],
              [
                22.84577,
                54.79614
              ],
              [
                22.83285,
                54.77867
              ],
              [
                22.81776,
                54.76917
              ],
              [
                22.78665,
                54.75599
              ],
              [
                22.77301,
                54.7425
              ],
              [
                22.76484,
                54.73712
              ],
              [
                22.74727,
                54.7316
              ],
              [
                22.73673,
                54.72633
              ],
              [
                22.72826,
                54.72508
              ],
              [
                22.72484,
                54.72338
              ],
              [
                22.72278,
                54.71857
              ],
              [
                22.72484,
                54.71377
              ],
              [
                22.72753,
                54.70932
              ],
              [
                22.72702,
                54.70534
              ],
              [
                22.7051,
                54.68653
              ],
              [
                22.70087,
                54.67956
              ],
              [
                22.70076,
                54.66933
              ],
              [
                22.70697,
                54.64648
              ],
              [
                22.7081,
                54.63563
              ],
              [
                22.70366,
                54.61755
              ],
              [
                22.68175,
                54.5699
              ],
              [
                22.67462,
                54.49228
              ],
              [
                22.6804,
                54.45322
              ],
              [
                22.70697,
                54.41875
              ],
              [
                22.76722,
                54.35627
              ]
            ]
          ]
        ]
      }
    },
    {
      "type": "Feature",
      "properties": {
        "id": "czechia",
        "name": "Czechy",
        "name_pl": "Czechy"
      },
      "geometry": {
        "type": "Polygon",
        "coordinates": [
          [
            [
              14.81039,
              50.85845
            ],
            [
              14.83168,
              50.85798
            ],
            [
              14.86786,
              50.86439
            ],
            [
              14.98206,
              50.85907
            ],
            [
              14.98413,
              50.8677
            ],
            [
              14.98289,
              50.90242
            ],
            [
              14.98175,
              50.90527
            ],
            [
              14.98113,
              50.90909
            ],
            [
              14.98206,
              50.91467
            ],
            [
              14.98485,
              50.91808
            ],
            [
              14.99467,
              50.92511
            ],
            [
              14.99777,
              50.93017
            ],
            [
              14.99663,
              50.95922
            ],
            [
              14.98144,
              50.97322
            ],
            [
              14.96522,
              50.98133
            ],
            [
              14.96098,
              50.99265
            ],
            [
              14.96108,
              50.99265
            ],
            [
              14.96563,
              50.99606
            ],
            [
              14.97069,
              50.9987
            ],
            [
              14.97638,
              51.0004
            ],
            [
              14.98206,
              51.00118
            ],
            [
              14.99653,
              51.00784
            ],
            [
              15.00118,
              51.01244
            ],
            [
              15.00397,
              51.02069
            ],
            [
              15.02299,
              51.00965
            ],
            [
              15.07363,
              51.00262
            ],
            [
              15.08211,
              50.99275
            ],
            [
              15.09389,
              50.98542
            ],
            [
              15.10795,
              50.98102
            ],
            [
              15.11921,
              50.98247
            ],
            [
              15.12252,
              50.99265
            ],
            [
              15.12252,
              50.99275
            ],
            [
              15.13151,
              51.00583
            ],
            [
              15.14443,
              51.01156
            ],
            [
              15.15611,
              51.00784
            ],
            [
              15.16076,
              50.99265
            ],
            [
              15.17016,
              50.97798
            ],
            [
              15.22711,
              50.97741
            ],
            [
              15.25378,
              50.96903
            ],
            [
              15.2698,
              50.95265
            ],
            [
              15.26876,
              50.94299
            ],
            [
              15.26008,
              50.9325
            ],
            [
              15.25305,
              50.9141
            ],
            [
              15.25605,
              50.89989
            ],
            [
              15.26535,
              50.88227
            ],
            [
              15.27713,
              50.86573
            ],
            [
              15.28778,
              50.85488
            ],
            [
              15.30773,
              50.84475
            ],
            [
              15.32581,
              50.83969
            ],
            [
              15.34101,
              50.83173
            ],
            [
              15.35299,
              50.81297
            ],
            [
              15.35331,
              50.80326
            ],
            [
              15.35051,
              50.79323
            ],
            [
              15.34969,
              50.78372
            ],
            [
              15.3561,
              50.77546
            ],
            [
              15.36858,
              50.77295
            ],
            [
              15.37026,
              50.77261
            ],
            [
              15.38131,
              50.78
            ],
            [
              15.39082,
              50.79065
            ],
            [
              15.40012,
              50.79799
            ],
            [
              15.44177,
              50.80021
            ],
            [
              15.64187,
              50.75577
            ],
            [
              15.65324,
              50.75096
            ],
            [
              15.66646,
              50.73809
            ],
            [
              15.6738,
              50.73354
            ],
            [
              15.68435,
              50.73143
            ],
            [
              15.76744,
              50.74419
            ],
            [
              15.79224,
              50.74269
            ],
            [
              15.79442,
              50.73587
            ],
            [
              15.79762,
              50.72977
            ],
            [
              15.84816,
              50.67515
            ],
            [
              15.85457,
              50.6737
            ],
            [
              15.88227,
              50.67422
            ],
            [
              15.94149,
              50.68838
            ],
            [
              15.95802,
              50.68688
            ],
            [
              15.97146,
              50.67861
            ],
            [
              15.98448,
              50.6629
            ],
            [
              15.99316,
              50.64936
            ],
            [
              15.99864,
              50.63557
            ],
            [
              15.99637,
              50.62368
            ],
            [
              15.982,
              50.61624
            ],
            [
              15.98004,
              50.61298
            ],
            [
              15.97921,
              50.60978
            ],
            [
              15.97993,
              50.60663
            ],
            [
              15.982,
              50.60363
            ],
            [
              16.02448,
              50.60859
            ],
            [
              16.08649,
              50.64678
            ],
            [
              16.12866,
              50.64404
            ],
            [
              16.16028,
              50.62864
            ],
            [
              16.17548,
              50.62409
            ],
            [
              16.19232,
              50.62658
            ],
            [
              16.20452,
              50.63634
            ],
            [
              16.21175,
              50.64911
            ],
            [
              16.21909,
              50.65913
            ],
            [
              16.23201,
              50.66089
            ],
            [
              16.26829,
              50.66042
            ],
            [
              16.30095,
              50.6551
            ],
            [
              16.33164,
              50.64404
            ],
            [
              16.41681,
              50.58663
            ],
            [
              16.4259,
              50.56756
            ],
            [
              16.39448,
              50.55934
            ],
            [
              16.39831,
              50.5518
            ],
            [
              16.39831,
              50.54849
            ],
            [
              16.39552,
              50.5457
            ],
            [
              16.39118,
              50.53991
            ],
            [
              16.38962,
              50.53485
            ],
            [
              16.38828,
              50.52715
            ],
            [
              16.38838,
              50.52126
            ],
            [
              16.39118,
              50.52183
            ],
            [
              16.3826,
              50.51418
            ],
            [
              16.36203,
              50.50121
            ],
            [
              16.35262,
              50.49278
            ],
            [
              16.33547,
              50.49036
            ],
            [
              16.30343,
              50.49604
            ],
            [
              16.28772,
              50.49278
            ],
            [
              16.27997,
              50.47987
            ],
            [
              16.26498,
              50.47165
            ],
            [
              16.24741,
              50.46498
            ],
            [
              16.23201,
              50.45677
            ],
            [
              16.22653,
              50.45537
            ],
            [
              16.21733,
              50.45165
            ],
            [
              16.21124,
              50.45129
            ],
            [
              16.21609,
              50.44018
            ],
            [
              16.21795,
              50.43713
            ],
            [
              16.19801,
              50.44002
            ],
            [
              16.19015,
              50.42416
            ],
            [
              16.19956,
              50.40628
            ],
            [
              16.23201,
              50.40261
            ],
            [
              16.24493,
              50.37682
            ],
            [
              16.24968,
              50.37103
            ],
            [
              16.2625,
              50.36442
            ],
            [
              16.26984,
              50.36545
            ],
            [
              16.27697,
              50.36943
            ],
            [
              16.28865,
              50.37186
            ],
            [
              16.33423,
              50.37186
            ],
            [
              16.34374,
              50.36995
            ],
            [
              16.35076,
              50.36065
            ],
            [
              16.35149,
              50.35135
            ],
            [
              16.35066,
              50.34225
            ],
            [
              16.35324,
              50.33352
            ],
            [
              16.37102,
              50.31838
            ],
            [
              16.41557,
              50.30794
            ],
            [
              16.43779,
              50.29796
            ],
            [
              16.45215,
              50.28499
            ],
            [
              16.47758,
              50.25533
            ],
            [
              16.49205,
              50.24272
            ],
            [
              16.50476,
              50.22799
            ],
            [
              16.53504,
              50.20774
            ],
            [
              16.54589,
              50.18882
            ],
            [
              16.55726,
              50.15472
            ],
            [
              16.56667,
              50.14221
            ],
            [
              16.58424,
              50.12743
            ],
            [
              16.61865,
              50.10702
            ],
            [
              16.66062,
              50.09302
            ],
            [
              16.70123,
              50.09493
            ],
            [
              16.73203,
              50.12195
            ],
            [
              16.75425,
              50.13229
            ],
            [
              16.76645,
              50.1434
            ],
            [
              16.7773,
              50.15694
            ],
            [
              16.79528,
              50.17441
            ],
            [
              16.81771,
              50.18676
            ],
            [
              16.83756,
              50.18862
            ],
            [
              16.85761,
              50.18774
            ],
            [
              16.86976,
              50.18973
            ],
            [
              16.88096,
              50.19156
            ],
            [
              16.89037,
              50.19694
            ],
            [
              16.90701,
              50.21177
            ],
            [
              16.919,
              50.21709
            ],
            [
              16.92778,
              50.2173
            ],
            [
              16.94628,
              50.21306
            ],
            [
              16.95528,
              50.21347
            ],
            [
              16.95775,
              50.21714
            ],
            [
              16.95755,
              50.22924
            ],
            [
              16.96034,
              50.23197
            ],
            [
              16.97501,
              50.23182
            ],
            [
              16.98101,
              50.22918
            ],
            [
              16.98566,
              50.22314
            ],
            [
              16.99631,
              50.2129
            ],
            [
              17.0084,
              50.20996
            ],
            [
              17.01481,
              50.21849
            ],
            [
              17.01284,
              50.23166
            ],
            [
              16.99982,
              50.24272
            ],
            [
              16.99837,
              50.26701
            ],
            [
              16.98783,
              50.28494
            ],
            [
              16.96964,
              50.29776
            ],
            [
              16.94525,
              50.30691
            ],
            [
              16.92654,
              50.31925
            ],
            [
              16.91672,
              50.33863
            ],
            [
              16.90928,
              50.35992
            ],
            [
              16.89791,
              50.37822
            ],
            [
              16.86587,
              50.40845
            ],
            [
              16.86577,
              50.4224
            ],
            [
              16.89295,
              50.43294
            ],
            [
              16.91579,
              50.43108
            ],
            [
              16.94401,
              50.42027
            ],
            [
              16.95879,
              50.4146
            ],
            [
              16.98194,
              50.41636
            ],
            [
              17.08467,
              50.39796
            ],
            [
              17.09563,
              50.39367
            ],
            [
              17.11888,
              50.38116
            ],
            [
              17.1317,
              50.37682
            ],
            [
              17.14544,
              50.37672
            ],
            [
              17.17593,
              50.38075
            ],
            [
              17.18761,
              50.37848
            ],
            [
              17.18544,
              50.37569
            ],
            [
              17.18885,
              50.36483
            ],
            [
              17.19505,
              50.35191
            ],
            [
              17.20105,
              50.34323
            ],
            [
              17.21087,
              50.33641
            ],
            [
              17.24611,
              50.32215
            ],
            [
              17.26988,
              50.31776
            ],
            [
              17.3168,
              50.31864
            ],
            [
              17.33747,
              50.313
            ],
            [
              17.31908,
              50.30825
            ],
            [
              17.32187,
              50.30448
            ],
            [
              17.32538,
              50.30112
            ],
            [
              17.32952,
              50.29822
            ],
            [
              17.33406,
              50.29569
            ],
            [
              17.33282,
              50.28267
            ],
            [
              17.33479,
              50.27001
            ],
            [
              17.34171,
              50.25972
            ],
            [
              17.35504,
              50.25326
            ],
            [
              17.3659,
              50.27156
            ],
            [
              17.38801,
              50.27264
            ],
            [
              17.40982,
              50.26133
            ],
            [
              17.41912,
              50.24272
            ],
            [
              17.42419,
              50.24055
            ],
            [
              17.42956,
              50.23978
            ],
            [
              17.43483,
              50.2405
            ],
            [
              17.44,
              50.24272
            ],
            [
              17.46935,
              50.26556
            ],
            [
              17.517,
              50.26835
            ],
            [
              17.6064,
              50.25823
            ],
            [
              17.62955,
              50.2621
            ],
            [
              17.64671,
              50.27109
            ],
            [
              17.67637,
              50.2974
            ],
            [
              17.68195,
              50.30556
            ],
            [
              17.68453,
              50.31238
            ],
            [
              17.69104,
              50.31507
            ],
            [
              17.70799,
              50.31104
            ],
            [
              17.71357,
              50.30768
            ],
            [
              17.73197,
              50.29176
            ],
            [
              17.73445,
              50.28949
            ],
            [
              17.73497,
              50.2868
            ],
            [
              17.73425,
              50.28381
            ],
            [
              17.73197,
              50.28065
            ],
            [
              17.72112,
              50.26195
            ],
            [
              17.71916,
              50.2528
            ],
            [
              17.72143,
              50.24272
            ],
            [
              17.73197,
              50.236
            ],
            [
              17.74758,
              50.2175
            ],
            [
              17.73817,
              50.20236
            ],
            [
              17.71792,
              50.1911
            ],
            [
              17.67533,
              50.17472
            ],
            [
              17.64867,
              50.168
            ],
            [
              17.6004,
              50.16681
            ],
            [
              17.58945,
              50.16324
            ],
            [
              17.58211,
              50.15317
            ],
            [
              17.58418,
              50.14588
            ],
            [
              17.63275,
              50.10635
            ],
            [
              17.64836,
              50.1018
            ],
            [
              17.65849,
              50.10299
            ],
            [
              17.66696,
              50.10614
            ],
            [
              17.67761,
              50.10774
            ],
            [
              17.69073,
              50.10547
            ],
            [
              17.71792,
              50.09679
            ],
            [
              17.73197,
              50.09488
            ],
            [
              17.73239,
              50.09389
            ],
            [
              17.73259,
              50.09296
            ],
            [
              17.73239,
              50.09219
            ],
            [
              17.73197,
              50.09147
            ],
            [
              17.72267,
              50.08635
            ],
            [
              17.71947,
              50.08087
            ],
            [
              17.72257,
              50.07514
            ],
            [
              17.73197,
              50.06909
            ],
            [
              17.74303,
              50.06056
            ],
            [
              17.74985,
              50.0495
            ],
            [
              17.75543,
              50.03715
            ],
            [
              17.76329,
              50.02522
            ],
            [
              17.77455,
              50.01519
            ],
            [
              17.83936,
              49.97364
            ],
            [
              17.87573,
              49.96868
            ],
            [
              17.91212,
              49.97581
            ],
            [
              17.94157,
              49.99276
            ],
            [
              17.95976,
              49.99581
            ],
            [
              17.99986,
              49.99659
            ],
            [
              18.03242,
              50.00284
            ],
            [
              18.03748,
              50.00723
            ],
            [
              18.03573,
              50.01721
            ],
            [
              18.0287,
              50.02413
            ],
            [
              18.02012,
              50.02429
            ],
            [
              18.01216,
              50.02268
            ],
            [
              18.00689,
              50.02413
            ],
            [
              18.00245,
              50.04677
            ],
            [
              18.01907,
              50.04409
            ],
            [
              18.03325,
              50.0418
            ],
            [
              18.09164,
              50.01721
            ],
            [
              18.08513,
              49.99876
            ],
            [
              18.09815,
              49.98904
            ],
            [
              18.16202,
              49.98124
            ],
            [
              18.17722,
              49.97581
            ],
            [
              18.20874,
              49.95829
            ],
            [
              18.22052,
              49.95488
            ],
            [
              18.24398,
              49.95173
            ],
            [
              18.25587,
              49.94605
            ],
            [
              18.2601,
              49.94057
            ],
            [
              18.26703,
              49.92507
            ],
            [
              18.27261,
              49.9183
            ],
            [
              18.29245,
              49.90781
            ],
            [
              18.30692,
              49.90967
            ],
            [
              18.33493,
              49.92543
            ],
            [
              18.33379,
              49.92713
            ],
            [
              18.33245,
              49.92827
            ],
            [
              18.33069,
              49.92884
            ],
            [
              18.32852,
              49.92884
            ],
            [
              18.36883,
              49.93204
            ],
            [
              18.40749,
              49.92316
            ],
            [
              18.4818,
              49.89664
            ],
            [
              18.50505,
              49.8967
            ],
            [
              18.54443,
              49.91298
            ],
            [
              18.55921,
              49.90719
            ],
            [
              18.56541,
              49.88905
            ],
            [
              18.56293,
              49.8737
            ],
            [
              18.56727,
              49.86145
            ],
            [
              18.59383,
              49.8522
            ],
            [
              18.56634,
              49.83158
            ],
            [
              18.56675,
              49.80477
            ],
            [
              18.58412,
              49.77438
            ],
            [
              18.60768,
              49.74296
            ],
            [
              18.61771,
              49.71387
            ],
            [
              18.62401,
              49.70637
            ],
            [
              18.63734,
              49.70033
            ],
            [
              18.66814,
              49.69857
            ],
            [
              18.6824,
              49.69578
            ],
            [
              18.69543,
              49.68885
            ],
            [
              18.71506,
              49.67382
            ],
            [
              18.72767,
              49.66891
            ],
            [
              18.74225,
              49.66968
            ],
            [
              18.75785,
              49.67408
            ],
            [
              18.77346,
              49.67583
            ],
            [
              18.78844,
              49.6686
            ],
            [
              18.79258,
              49.66079
            ],
            [
              18.7993,
              49.62638
            ],
            [
              18.80395,
              49.61677
            ],
            [
              18.81573,
              49.5993
            ],
            [
              18.82017,
              49.59026
            ],
            [
              18.83454,
              49.54762
            ],
            [
              18.83743,
              49.52695
            ],
            [
              18.8332,
              49.51026
            ],
            [
              18.79227,
              49.50954
            ],
            [
              18.77356,
              49.50489
            ],
            [
              18.73253,
              49.48029
            ],
            [
              18.70452,
              49.47926
            ],
            [
              18.67558,
              49.48504
            ],
            [
              18.64282,
              49.49579
            ],
            [
              18.6359,
              49.49672
            ],
            [
              18.62897,
              49.49579
            ],
            [
              18.60045,
              49.48597
            ],
            [
              18.55621,
              49.49016
            ],
            [
              18.53564,
              49.48168
            ],
            [
              18.53048,
              49.47347
            ],
            [
              18.528,
              49.45486
            ],
            [
              18.52293,
              49.44608
            ],
            [
              18.51466,
              49.4406
            ],
            [
              18.4818,
              49.42908
            ],
            [
              18.43922,
              49.39507
            ],
            [
              18.41679,
              49.38546
            ],
            [
              18.38764,
              49.38975
            ],
            [
              18.38516,
              49.34226
            ],
            [
              18.36159,
              49.33019
            ],
            [
              18.3246,
              49.31126
            ],
            [
              18.19003,
              49.27694
            ],
            [
              18.16058,
              49.2587
            ],
            [
              18.1365,
              49.23307
            ],
            [
              18.11779,
              49.20258
            ],
            [
              18.10507,
              49.16976
            ],
            [
              18.10146,
              49.14294
            ],
            [
              18.10163,
              49.13693
            ],
            [
              18.1029,
              49.09225
            ],
            [
              18.09629,
              49.07029
            ],
            [
              18.07552,
              49.04719
            ],
            [
              18.04606,
              49.02915
            ],
            [
              18.01289,
              49.01913
            ],
            [
              17.95924,
              49.02187
            ],
            [
              17.93506,
              49.01939
            ],
            [
              17.91408,
              49.0105
            ],
            [
              17.90085,
              48.99303
            ],
            [
              17.89465,
              48.9782
            ],
            [
              17.8869,
              48.94725
            ],
            [
              17.87873,
              48.93355
            ],
            [
              17.86034,
              48.92172
            ],
            [
              17.84121,
              48.92099
            ],
            [
              17.82013,
              48.92337
            ],
            [
              17.79553,
              48.92058
            ],
            [
              17.77941,
              48.91174
            ],
            [
              17.74489,
              48.87257
            ],
            [
              17.72722,
              48.86291
            ],
            [
              17.53508,
              48.81299
            ],
            [
              17.4985,
              48.81676
            ],
            [
              17.4679,
              48.8381
            ],
            [
              17.45333,
              48.84276
            ],
            [
              17.42956,
              48.83816
            ],
            [
              17.41123,
              48.83022
            ],
            [
              17.39173,
              48.82178
            ],
            [
              17.37437,
              48.81961
            ],
            [
              17.26027,
              48.85779
            ],
            [
              17.21221,
              48.86606
            ],
            [
              17.16746,
              48.85976
            ],
            [
              17.11371,
              48.83392
            ],
            [
              17.10462,
              48.82462
            ],
            [
              17.09873,
              48.80576
            ],
            [
              17.08436,
              48.79371
            ],
            [
              17.04995,
              48.77403
            ],
            [
              17.02535,
              48.74633
            ],
            [
              16.97481,
              48.64987
            ],
            [
              16.96334,
              48.63595
            ],
            [
              16.94752,
              48.62316
            ],
            [
              16.94504,
              48.60417
            ],
            [
              16.91052,
              48.63078
            ],
            [
              16.89667,
              48.69698
            ],
            [
              16.87301,
              48.71899
            ],
            [
              16.85657,
              48.71982
            ],
            [
              16.81812,
              48.71077
            ],
            [
              16.7989,
              48.70922
            ],
            [
              16.78051,
              48.71377
            ],
            [
              16.74433,
              48.72964
            ],
            [
              16.72903,
              48.7331
            ],
            [
              16.691,
              48.73206
            ],
            [
              16.67508,
              48.73393
            ],
            [
              16.66196,
              48.74002
            ],
            [
              16.65472,
              48.75186
            ],
            [
              16.651,
              48.76622
            ],
            [
              16.64315,
              48.77826
            ],
            [
              16.62403,
              48.78338
            ],
            [
              16.60553,
              48.78483
            ],
            [
              16.54579,
              48.7963
            ],
            [
              16.52874,
              48.80353
            ],
            [
              16.51954,
              48.8056
            ],
            [
              16.51034,
              48.80477
            ],
            [
              16.49225,
              48.79971
            ],
            [
              16.48192,
              48.7994
            ],
            [
              16.45308,
              48.80219
            ],
            [
              16.43572,
              48.79454
            ],
            [
              16.38497,
              48.73708
            ],
            [
              16.37402,
              48.73031
            ],
            [
              16.35831,
              48.72726
            ],
            [
              16.35273,
              48.72845
            ],
            [
              16.3395,
              48.73558
            ],
            [
              16.31872,
              48.73351
            ],
            [
              16.31759,
              48.73284
            ],
            [
              16.17775,
              48.74654
            ],
            [
              16.08535,
              48.74287
            ],
            [
              16.03233,
              48.75806
            ],
            [
              15.93177,
              48.80643
            ],
            [
              15.93032,
              48.81139
            ],
            [
              15.93032,
              48.81831
            ],
            [
              15.92505,
              48.8226
            ],
            [
              15.9081,
              48.81971
            ],
            [
              15.90707,
              48.83025
            ],
            [
              15.89963,
              48.83475
            ],
            [
              15.88836,
              48.83506
            ],
            [
              15.87575,
              48.83309
            ],
            [
              15.88599,
              48.84203
            ],
            [
              15.87761,
              48.84167
            ],
            [
              15.87017,
              48.84389
            ],
            [
              15.85922,
              48.84916
            ],
            [
              15.8401,
              48.85009
            ],
            [
              15.83328,
              48.85201
            ],
            [
              15.82831,
              48.85712
            ],
            [
              15.82428,
              48.86942
            ],
            [
              15.8185,
              48.87232
            ],
            [
              15.7879,
              48.87226
            ],
            [
              15.77922,
              48.87087
            ],
            [
              15.74367,
              48.85847
            ],
            [
              15.72682,
              48.85495
            ],
            [
              15.70378,
              48.85495
            ],
            [
              15.68135,
              48.85847
            ],
            [
              15.60373,
              48.88735
            ],
            [
              15.54419,
              48.90261
            ],
            [
              15.52125,
              48.90849
            ],
            [
              15.47185,
              48.9367
            ],
            [
              15.45035,
              48.94482
            ],
            [
              15.40591,
              48.95469
            ],
            [
              15.35785,
              48.97081
            ],
            [
              15.33553,
              48.975
            ],
            [
              15.28871,
              48.97536
            ],
            [
              15.28375,
              48.97763
            ],
            [
              15.27961,
              48.98259
            ],
            [
              15.27455,
              48.98673
            ],
            [
              15.2669,
              48.98667
            ],
            [
              15.26287,
              48.98259
            ],
            [
              15.26039,
              48.96916
            ],
            [
              15.25708,
              48.96389
            ],
            [
              15.24323,
              48.95293
            ],
            [
              15.23807,
              48.95076
            ],
            [
              15.16179,
              48.93722
            ],
            [
              15.14195,
              48.93748
            ],
            [
              15.14856,
              48.95174
            ],
            [
              15.14898,
              48.96533
            ],
            [
              15.14474,
              48.97892
            ],
            [
              15.1374,
              48.99303
            ],
            [
              15.05958,
              48.99722
            ],
            [
              15.00397,
              49.00977
            ],
            [
              14.98206,
              49.00791
            ],
            [
              14.97886,
              49.00626
            ],
            [
              14.97731,
              49.0029
            ],
            [
              14.97731,
              48.99825
            ],
            [
              14.97824,
              48.99283
            ],
            [
              14.96459,
              48.97174
            ],
            [
              14.96418,
              48.94327
            ],
            [
              14.96832,
              48.91267
            ],
            [
              14.96821,
              48.88503
            ],
            [
              14.94703,
              48.8224
            ],
            [
              14.93979,
              48.80979
            ],
            [
              14.93814,
              48.80281
            ],
            [
              14.9401,
              48.79651
            ],
            [
              14.94444,
              48.7886
            ],
            [
              14.94889,
              48.78214
            ],
            [
              14.95106,
              48.78033
            ],
            [
              14.93958,
              48.76281
            ],
            [
              14.91933,
              48.76157
            ],
            [
              14.86765,
              48.77558
            ],
            [
              14.81546,
              48.78033
            ],
            [
              14.80037,
              48.77651
            ],
            [
              14.79448,
              48.767
            ],
            [
              14.79045,
              48.75485
            ],
            [
              14.78042,
              48.74312
            ],
            [
              14.77536,
              48.724
            ],
            [
              14.72275,
              48.69341
            ],
            [
              14.70384,
              48.6731
            ],
            [
              14.70022,
              48.6461
            ],
            [
              14.70073,
              48.61554
            ],
            [
              14.69567,
              48.58954
            ],
            [
              14.69114,
              48.58653
            ],
            [
              14.67562,
              48.57623
            ],
            [
              14.65919,
              48.57696
            ],
            [
              14.65133,
              48.5835
            ],
            [
              14.64544,
              48.5929
            ],
            [
              14.63469,
              48.60233
            ],
            [
              14.62818,
              48.60329
            ],
            [
              14.61289,
              48.59975
            ],
            [
              14.60513,
              48.60032
            ],
            [
              14.60193,
              48.60453
            ],
            [
              14.60183,
              48.61119
            ],
            [
              14.60059,
              48.61758
            ],
            [
              14.59418,
              48.62132
            ],
            [
              14.57878,
              48.6205
            ],
            [
              14.54881,
              48.61094
            ],
            [
              14.53382,
              48.60871
            ],
            [
              14.52204,
              48.61063
            ],
            [
              14.48214,
              48.62447
            ],
            [
              14.45817,
              48.64318
            ],
            [
              14.44359,
              48.63652
            ],
            [
              14.42117,
              48.59706
            ],
            [
              14.40535,
              48.58629
            ],
            [
              14.35337,
              48.57143
            ],
            [
              14.33321,
              48.56071
            ],
            [
              14.32536,
              48.55864
            ],
            [
              14.31575,
              48.55792
            ],
            [
              14.21653,
              48.58117
            ],
            [
              14.07483,
              48.59171
            ],
            [
              14.04083,
              48.60117
            ],
            [
              14.03246,
              48.60613
            ],
            [
              14.0152,
              48.62039
            ],
            [
              14.01085,
              48.62587
            ],
            [
              14.0062,
              48.63951
            ],
            [
              14.00806,
              48.64241
            ],
            [
              14.01375,
              48.6438
            ],
            [
              14.02047,
              48.65315
            ],
            [
              14.02346,
              48.6546
            ],
            [
              14.02832,
              48.65398
            ],
            [
              14.03287,
              48.65491
            ],
            [
              14.03473,
              48.66116
            ],
            [
              14.03215,
              48.66726
            ],
            [
              14.02615,
              48.67005
            ],
            [
              14.01923,
              48.67191
            ],
            [
              14.01416,
              48.67507
            ],
            [
              14.00775,
              48.68328
            ],
            [
              13.99112,
              48.70018
            ],
            [
              13.98233,
              48.70649
            ],
            [
              13.91505,
              48.73098
            ],
            [
              13.89314,
              48.74302
            ],
            [
              13.87495,
              48.75243
            ],
            [
              13.85593,
              48.7593
            ],
            [
              13.81573,
              48.76643
            ],
            [
              13.79619,
              48.77981
            ],
            [
              13.74793,
              48.84338
            ],
            [
              13.72467,
              48.8673
            ],
            [
              13.71062,
              48.87247
            ],
            [
              13.67336,
              48.87635
            ],
            [
              13.65444,
              48.88224
            ],
            [
              13.63739,
              48.89345
            ],
            [
              13.62178,
              48.90906
            ],
            [
              13.61114,
              48.92725
            ],
            [
              13.60866,
              48.94616
            ],
            [
              13.59047,
              48.94482
            ],
            [
              13.57341,
              48.95102
            ],
            [
              13.55646,
              48.95996
            ],
            [
              13.53889,
              48.96704
            ],
            [
              13.52239,
              48.96934
            ],
            [
              13.51595,
              48.97024
            ],
            [
              13.5021,
              48.96606
            ],
            [
              13.49259,
              48.95505
            ],
            [
              13.48226,
              48.93763
            ],
            [
              13.4589,
              48.94502
            ],
            [
              13.42727,
              48.95996
            ],
            [
              13.39854,
              48.97768
            ],
            [
              13.38418,
              48.99303
            ],
            [
              13.38355,
              49.02109
            ],
            [
              13.37239,
              49.03851
            ],
            [
              13.32991,
              49.06693
            ],
            [
              13.29953,
              49.09365
            ],
            [
              13.28733,
              49.10057
            ],
            [
              13.26728,
              49.10563
            ],
            [
              13.20682,
              49.1075
            ],
            [
              13.1785,
              49.11835
            ],
            [
              13.16259,
              49.13514
            ],
            [
              13.14946,
              49.15483
            ],
            [
              13.05582,
              49.23818
            ],
            [
              13.04342,
              49.24278
            ],
            [
              13.04321,
              49.24289
            ],
            [
              13.01128,
              49.26779
            ],
            [
              13.00673,
              49.2771
            ],
            [
              13.00539,
              49.28676
            ],
            [
              13.0,
              49.29464
            ],
            [
              13.0,
              50.44319
            ],
            [
              13.00311,
              50.45191
            ],
            [
              13.00962,
              50.49268
            ],
            [
              13.01789,
              50.49635
            ],
            [
              13.02626,
              50.49764
            ],
            [
              13.03453,
              50.4965
            ],
            [
              13.04228,
              50.49278
            ],
            [
              13.05107,
              50.49113
            ],
            [
              13.06037,
              50.49061
            ],
            [
              13.06977,
              50.49108
            ],
            [
              13.07887,
              50.49268
            ],
            [
              13.07897,
              50.49268
            ],
            [
              13.07918,
              50.49278
            ],
            [
              13.1074,
              50.49899
            ],
            [
              13.16011,
              50.49702
            ],
            [
              13.1847,
              50.50875
            ],
            [
              13.19907,
              50.52534
            ],
            [
              13.23235,
              50.58203
            ],
            [
              13.25178,
              50.58089
            ],
            [
              13.26801,
              50.57366
            ],
            [
              13.28465,
              50.56896
            ],
            [
              13.30563,
              50.57578
            ],
            [
              13.31627,
              50.59603
            ],
            [
              13.32185,
              50.60239
            ],
            [
              13.35937,
              50.61934
            ],
            [
              13.36537,
              50.62347
            ],
            [
              13.36599,
              50.62709
            ],
            [
              13.36877,
              50.62833
            ],
            [
              13.38097,
              50.62549
            ],
            [
              13.38635,
              50.62161
            ],
            [
              13.4004,
              50.60658
            ],
            [
              13.40702,
              50.60131
            ],
            [
              13.42934,
              50.59433
            ],
            [
              13.44794,
              50.59727
            ],
            [
              13.46489,
              50.60709
            ],
            [
              13.48226,
              50.62089
            ],
            [
              13.49218,
              50.62446
            ],
            [
              13.49817,
              50.62916
            ],
            [
              13.4991,
              50.6352
            ],
            [
              13.49332,
              50.64321
            ],
            [
              13.50995,
              50.65122
            ],
            [
              13.52329,
              50.66218
            ],
            [
              13.52721,
              50.67567
            ],
            [
              13.51564,
              50.69102
            ],
            [
              13.55657,
              50.70672
            ],
            [
              13.60194,
              50.71215
            ],
            [
              13.69175,
              50.71184
            ],
            [
              13.71103,
              50.71427
            ],
            [
              13.74906,
              50.72321
            ],
            [
              13.77066,
              50.7246
            ],
            [
              13.81655,
              50.72135
            ],
            [
              13.83454,
              50.72368
            ],
            [
              13.86347,
              50.73515
            ],
            [
              13.86957,
              50.73525
            ],
            [
              13.87536,
              50.73654
            ],
            [
              13.88218,
              50.74274
            ],
            [
              13.8827,
              50.74802
            ],
            [
              13.88032,
              50.75504
            ],
            [
              13.87908,
              50.76352
            ],
            [
              13.88332,
              50.77323
            ],
            [
              13.89252,
              50.78042
            ],
            [
              13.90099,
              50.78062
            ],
            [
              13.91071,
              50.77876
            ],
            [
              13.92332,
              50.77995
            ],
            [
              13.93355,
              50.78481
            ],
            [
              13.94884,
              50.79721
            ],
            [
              13.95959,
              50.80207
            ],
            [
              13.97913,
              50.80476
            ],
            [
              14.01571,
              50.80176
            ],
            [
              14.03494,
              50.80259
            ],
            [
              14.19079,
              50.8479
            ],
            [
              14.20299,
              50.85514
            ],
            [
              14.22128,
              50.87261
            ],
            [
              14.23213,
              50.87938
            ],
            [
              14.2681,
              50.88413
            ],
            [
              14.34655,
              50.8802
            ],
            [
              14.3759,
              50.89596
            ],
            [
              14.38189,
              50.92087
            ],
            [
              14.35523,
              50.93064
            ],
            [
              14.31833,
              50.93751
            ],
            [
              14.2928,
              50.95348
            ],
            [
              14.29373,
              50.96397
            ],
            [
              14.30221,
              50.96769
            ],
            [
              14.30376,
              50.96971
            ],
            [
              14.28381,
              50.97482
            ],
            [
              14.25001,
              50.97761
            ],
            [
              14.23833,
              50.98247
            ],
            [
              14.2495,
              50.99265
            ],
            [
              14.26355,
              51.02143
            ],
            [
              14.28753,
              51.03683
            ],
            [
              14.31936,
              51.04001
            ],
            [
              14.35657,
              51.03234
            ],
            [
              14.36411,
              51.028
            ],
            [
              14.36939,
              51.02244
            ],
            [
              14.3759,
              51.01699
            ],
            [
              14.38675,
              51.01327
            ],
            [
              14.39781,
              51.01311
            ],
            [
              14.42582,
              51.02094
            ],
            [
              14.46209,
              51.01965
            ],
            [
              14.47346,
              51.02337
            ],
            [
              14.48214,
              51.0372
            ],
            [
              14.48793,
              51.02872
            ],
            [
              14.4901,
              51.0227
            ],
            [
              14.49351,
              51.01671
            ],
            [
              14.50292,
              51.00852
            ],
            [
              14.51532,
              51.00304
            ],
            [
              14.54229,
              50.99875
            ],
            [
              14.55459,
              50.99265
            ],
            [
              14.56669,
              50.9834
            ],
            [
              14.57433,
              50.97549
            ],
            [
              14.57743,
              50.96573
            ],
            [
              14.57558,
              50.95069
            ],
            [
              14.56782,
              50.93865
            ],
            [
              14.55584,
              50.92428
            ],
            [
              14.55036,
              50.91209
            ],
            [
              14.56183,
              50.90635
            ],
            [
              14.61712,
              50.92087
            ],
            [
              14.62922,
              50.92072
            ],
            [
              14.63459,
              50.9094
            ],
            [
              14.6288,
              50.89612
            ],
            [
              14.61185,
              50.87095
            ],
            [
              14.60834,
              50.85307
            ],
            [
              14.61319,
              50.84558
            ],
            [
              14.64792,
              50.83938
            ],
            [
              14.66218,
              50.83437
            ],
            [
              14.70042,
              50.81597
            ],
            [
              14.73753,
              50.8107
            ],
            [
              14.75923,
              50.81018
            ],
            [
              14.77536,
              50.81297
            ],
            [
              14.78507,
              50.82005
            ],
            [
              14.79458,
              50.83163
            ],
            [
              14.81039,
              50.85845
            ]
          ]
        ]
      }
    },
    {
      "type": "Feature",
      "properties": {
        "id": "germany",
        "name": "Niemcy",
        "name_pl": "Niemcy"
      },
      "geometry": {
        "type": "MultiPolygon",
        "coordinates": [
          [
            [
              [
                13.81573,
                48.76643
              ],
              [
                13.78586,
                48.72478
              ],
              [
                13.78358,
                48.71527
              ],
              [
                13.78875,
                48.71651
              ],
              [
                13.7994,
                48.70261
              ],
              [
                13.80436,
                48.69956
              ],
              [
                13.81686,
                48.69558
              ],
              [
                13.80353,
                48.68716
              ],
              [
                13.80095,
                48.67522
              ],
              [
                13.80622,
                48.64292
              ],
              [
                13.80549,
                48.62613
              ],
              [
                13.80239,
                48.61171
              ],
              [
                13.79619,
                48.59858
              ],
              [
                13.77903,
                48.57393
              ],
              [
                13.77428,
                48.56921
              ],
              [
                13.76601,
                48.56376
              ],
              [
                13.75805,
                48.56148
              ],
              [
                13.73728,
                48.55926
              ],
              [
                13.73387,
                48.55978
              ],
              [
                13.72539,
                48.54838
              ],
              [
                13.71651,
                48.52169
              ],
              [
                13.71434,
                48.52322
              ],
              [
                13.67336,
                48.53549
              ],
              [
                13.65806,
                48.55109
              ],
              [
                13.64183,
                48.5591
              ],
              [
                13.62437,
                48.56536
              ],
              [
                13.5207,
                48.58458
              ],
              [
                13.48722,
                48.58158
              ],
              [
                13.45456,
                48.57344
              ],
              [
                13.44557,
                48.56791
              ],
              [
                13.44009,
                48.56097
              ],
              [
                13.44071,
                48.55735
              ],
              [
                13.44371,
                48.55285
              ],
              [
                13.44774,
                48.53482
              ],
              [
                13.45704,
                48.52518
              ],
              [
                13.45921,
                48.51639
              ],
              [
                13.45642,
                48.50665
              ],
              [
                13.44298,
                48.48771
              ],
              [
                13.43823,
                48.47854
              ],
              [
                13.43637,
                48.46924
              ],
              [
                13.43823,
                48.441
              ],
              [
                13.43616,
                48.43059
              ],
              [
                13.43172,
                48.42371
              ],
              [
                13.42717,
                48.41854
              ],
              [
                13.42521,
                48.41338
              ],
              [
                13.41952,
                48.39216
              ],
              [
                13.40557,
                48.37658
              ],
              [
                13.3078,
                48.31964
              ],
              [
                13.27421,
                48.3071
              ],
              [
                13.13644,
                48.29106
              ],
              [
                13.03278,
                48.26357
              ],
              [
                13.01665,
                48.25589
              ],
              [
                13.0,
                48.24521
              ],
              [
                13.0,
                47.71332
              ],
              [
                13.00435,
                47.71461
              ],
              [
                13.01986,
                47.71293
              ],
              [
                13.03226,
                47.70662
              ],
              [
                13.04456,
                47.69657
              ],
              [
                13.06409,
                47.67399
              ],
              [
                13.07205,
                47.65947
              ],
              [
                13.07484,
                47.64665
              ],
              [
                13.07422,
                47.63451
              ],
              [
                13.07205,
                47.62242
              ],
              [
                13.06957,
                47.62025
              ],
              [
                13.05768,
                47.60043
              ],
              [
                13.05706,
                47.59766
              ],
              [
                13.04094,
                47.58335
              ],
              [
                13.03825,
                47.58402
              ],
              [
                13.03908,
                47.56134
              ],
              [
                13.04125,
                47.5619
              ],
              [
                13.04011,
                47.56046
              ],
              [
                13.0306,
                47.54426
              ],
              [
                13.02812,
                47.54165
              ],
              [
                13.02812,
                47.52423
              ],
              [
                13.02895,
                47.51803
              ],
              [
                13.03122,
                47.51255
              ],
              [
                13.03443,
                47.50744
              ],
              [
                13.03701,
                47.50136
              ],
              [
                13.03732,
                47.49305
              ],
              [
                13.0088,
                47.4701
              ],
              [
                13.00187,
                47.46602
              ],
              [
                13.0,
                47.46596
              ],
              [
                13.0,
                54.43614
              ],
              [
                13.0088,
                54.43806
              ],
              [
                13.03419,
                54.43366
              ],
              [
                13.02149,
                54.42646
              ],
              [
                13.02101,
                54.41454
              ],
              [
                13.02858,
                54.40184
              ],
              [
                13.04037,
                54.39208
              ],
              [
                13.08367,
                54.37897
              ],
              [
                13.09555,
                54.37226
              ],
              [
                13.07667,
                54.35252
              ],
              [
                13.08074,
                54.33714
              ],
              [
                13.10922,
                54.31021
              ],
              [
                13.11207,
                54.2993
              ],
              [
                13.11207,
                54.28848
              ],
              [
                13.11492,
                54.28001
              ],
              [
                13.12599,
                54.2766
              ],
              [
                13.17066,
                54.2766
              ],
              [
                13.17066,
                54.26919
              ],
              [
                13.16131,
                54.26903
              ],
              [
                13.15463,
                54.26732
              ],
              [
                13.1434,
                54.26301
              ],
              [
                13.17612,
                54.26484
              ],
              [
                13.22836,
                54.24738
              ],
              [
                13.26319,
                54.2425
              ],
              [
                13.28883,
                54.23428
              ],
              [
                13.32179,
                54.19452
              ],
              [
                13.34889,
                54.18049
              ],
              [
                13.33334,
                54.17402
              ],
              [
                13.32154,
                54.16681
              ],
              [
                13.34653,
                54.16694
              ],
              [
                13.3838,
                54.17813
              ],
              [
                13.40349,
                54.17365
              ],
              [
                13.39568,
                54.16193
              ],
              [
                13.39088,
                54.15729
              ],
              [
                13.38299,
                54.15314
              ],
              [
                13.39479,
                54.14891
              ],
              [
                13.40211,
                54.15131
              ],
              [
                13.4087,
                54.15461
              ],
              [
                13.41774,
                54.15314
              ],
              [
                13.42319,
                54.1481
              ],
              [
                13.43767,
                54.12519
              ],
              [
                13.45037,
                54.11042
              ],
              [
                13.4651,
                54.09846
              ],
              [
                13.48357,
                54.0913
              ],
              [
                13.50709,
                54.09105
              ],
              [
                13.50709,
                54.09789
              ],
              [
                13.49887,
                54.10248
              ],
              [
                13.48748,
                54.11392
              ],
              [
                13.47926,
                54.11835
              ],
              [
                13.47926,
                54.12519
              ],
              [
                13.60271,
                54.13947
              ],
              [
                13.63233,
                54.14753
              ],
              [
                13.68344,
                54.16804
              ],
              [
                13.71193,
                54.17365
              ],
              [
                13.71648,
                54.16844
              ],
              [
                13.71469,
                54.16405
              ],
              [
                13.70826,
                54.16087
              ],
              [
                13.69825,
                54.15933
              ],
              [
                13.69825,
                54.15314
              ],
              [
                13.72877,
                54.14387
              ],
              [
                13.80812,
                54.10468
              ],
              [
                13.80812,
                54.09789
              ],
              [
                13.79371,
                54.0832
              ],
              [
                13.78549,
                54.06391
              ],
              [
                13.7732,
                54.04633
              ],
              [
                13.7461,
                54.03644
              ],
              [
                13.75815,
                54.03099
              ],
              [
                13.78712,
                54.0091
              ],
              [
                13.79762,
                53.99893
              ],
              [
                13.80348,
                53.99632
              ],
              [
                13.8318,
                53.98924
              ],
              [
                13.83863,
                53.98631
              ],
              [
                13.84311,
                53.97956
              ],
              [
                13.8462,
                53.97223
              ],
              [
                13.84913,
                53.9676
              ],
              [
                13.85027,
                53.96402
              ],
              [
                13.84897,
                53.95946
              ],
              [
                13.84864,
                53.95555
              ],
              [
                13.85255,
                53.95384
              ],
              [
                13.86687,
                53.95466
              ],
              [
                13.87013,
                53.95384
              ],
              [
                13.8755,
                53.95124
              ],
              [
                13.8816,
                53.94904
              ],
              [
                13.88795,
                53.94758
              ],
              [
                13.89357,
                53.94709
              ],
              [
                13.90602,
                53.94306
              ],
              [
                13.90756,
                53.93354
              ],
              [
                13.90138,
                53.92231
              ],
              [
                13.89015,
                53.91291
              ],
              [
                13.81853,
                53.878
              ],
              [
                13.80812,
                53.86514
              ],
              [
                13.81707,
                53.85293
              ],
              [
                13.83578,
                53.84748
              ],
              [
                13.85434,
                53.84492
              ],
              [
                13.8628,
                53.84125
              ],
              [
                13.86915,
                53.83031
              ],
              [
                13.8838,
                53.81769
              ],
              [
                13.89991,
                53.80915
              ],
              [
                13.91066,
                53.81049
              ],
              [
                13.98422,
                53.77399
              ],
              [
                14.01735,
                53.76952
              ],
              [
                14.03354,
                53.75751
              ],
              [
                14.03745,
                53.75528
              ],
              [
                14.06153,
                53.75641
              ],
              [
                14.06886,
                53.75528
              ],
              [
                14.094,
                53.74632
              ],
              [
                14.10613,
                53.74335
              ],
              [
                14.18653,
                53.73981
              ],
              [
                14.21469,
                53.74486
              ],
              [
                14.22657,
                53.75869
              ],
              [
                14.23414,
                53.76179
              ],
              [
                14.25017,
                53.75995
              ],
              [
                14.2645,
                53.75161
              ],
              [
                14.26743,
                53.73542
              ],
              [
                14.25953,
                53.72797
              ],
              [
                14.21274,
                53.70808
              ],
              [
                14.22535,
                53.70376
              ],
              [
                14.24,
                53.70075
              ],
              [
                14.2562,
                53.69945
              ],
              [
                14.2639,
                53.69998
              ],
              [
                14.26386,
                53.69988
              ],
              [
                14.2651,
                53.67176
              ],
              [
                14.26097,
                53.65621
              ],
              [
                14.27606,
                53.63662
              ],
              [
                14.29704,
                53.59776
              ],
              [
                14.2989,
                53.58789
              ],
              [
                14.29621,
                53.55131
              ],
              [
                14.29694,
                53.52914
              ],
              [
                14.30417,
                53.50852
              ],
              [
                14.32846,
                53.48609
              ],
              [
                14.3389,
                53.46521
              ],
              [
                14.35988,
                53.44408
              ],
              [
                14.37032,
                53.3923
              ],
              [
                14.39126,
                53.33402
              ],
              [
                14.39801,
                53.31522
              ],
              [
                14.39957,
                53.30675
              ],
              [
                14.40019,
                53.28861
              ],
              [
                14.40329,
                53.27879
              ],
              [
                14.40938,
                53.27243
              ],
              [
                14.42468,
                53.26466
              ],
              [
                14.42861,
                53.25908
              ],
              [
                14.44163,
                53.25184
              ],
              [
                14.41559,
                53.22099
              ],
              [
                14.40825,
                53.2144
              ],
              [
                14.39771,
                53.21099
              ],
              [
                14.38778,
                53.20208
              ],
              [
                14.38065,
                53.18986
              ],
              [
                14.37786,
                53.17655
              ],
              [
                14.38148,
                53.1603
              ],
              [
                14.38747,
                53.14614
              ],
              [
                14.38954,
                53.13167
              ],
              [
                14.35957,
                53.07506
              ],
              [
                14.35678,
                53.06668
              ],
              [
                14.34334,
                53.04862
              ],
              [
                14.31264,
                53.02922
              ],
              [
                14.25373,
                53.00088
              ],
              [
                14.19286,
                52.98165
              ],
              [
                14.14449,
                52.95992
              ],
              [
                14.14449,
                52.95369
              ],
              [
                14.15048,
                52.94364
              ],
              [
                14.16268,
                52.90817
              ],
              [
                14.16495,
                52.89566
              ],
              [
                14.16082,
                52.87675
              ],
              [
                14.15048,
                52.86463
              ],
              [
                14.12392,
                52.85065
              ],
              [
                14.1354,
                52.8366
              ],
              [
                14.15276,
                52.82833
              ],
              [
                14.17374,
                52.82435
              ],
              [
                14.19596,
                52.82337
              ],
              [
                14.21601,
                52.81799
              ],
              [
                14.24867,
                52.79458
              ],
              [
                14.27595,
                52.78572
              ],
              [
                14.3822,
                52.73815
              ],
              [
                14.39771,
                52.72712
              ],
              [
                14.43192,
                52.68609
              ],
              [
                14.44235,
                52.67996
              ],
              [
                14.46137,
                52.67456
              ],
              [
                14.4901,
                52.65064
              ],
              [
                14.54994,
                52.63619
              ],
              [
                14.60797,
                52.59646
              ],
              [
                14.61371,
                52.59253
              ],
              [
                14.64482,
                52.57692
              ],
              [
                14.61681,
                52.54103
              ],
              [
                14.60906,
                52.5178
              ],
              [
                14.62767,
                52.50742
              ],
              [
                14.63232,
                52.49674
              ],
              [
                14.61578,
                52.47328
              ],
              [
                14.59159,
                52.4498
              ],
              [
                14.53982,
                52.42187
              ],
              [
                14.5454,
                52.38215
              ],
              [
                14.56917,
                52.33851
              ],
              [
                14.59015,
                52.30942
              ],
              [
                14.58415,
                52.29123
              ],
              [
                14.60658,
                52.27575
              ],
              [
                14.64048,
                52.26505
              ],
              [
                14.6689,
                52.261
              ],
              [
                14.69691,
                52.25348
              ],
              [
                14.71241,
                52.23591
              ],
              [
                14.7121,
                52.21544
              ],
              [
                14.69257,
                52.19958
              ],
              [
                14.69257,
                52.19338
              ],
              [
                14.70704,
                52.17945
              ],
              [
                14.70322,
                52.16516
              ],
              [
                14.69247,
                52.14697
              ],
              [
                14.68637,
                52.12103
              ],
              [
                14.69639,
                52.10669
              ],
              [
                14.7614,
                52.07667
              ],
              [
                14.74301,
                52.06253
              ],
              [
                14.73536,
                52.05403
              ],
              [
                14.73216,
                52.04507
              ],
              [
                14.73029,
                52.03589
              ],
              [
                14.72606,
                52.02644
              ],
              [
                14.70446,
                52.00223
              ],
              [
                14.69908,
                51.99251
              ],
              [
                14.69557,
                51.93146
              ],
              [
                14.68709,
                51.9119
              ],
              [
                14.67169,
                51.89389
              ],
              [
                14.6533,
                51.87862
              ],
              [
                14.59594,
                51.84242
              ],
              [
                14.58281,
                51.82508
              ],
              [
                14.58581,
                51.80389
              ],
              [
                14.60224,
                51.78831
              ],
              [
                14.62033,
                51.78054
              ],
              [
                14.63418,
                51.76901
              ],
              [
                14.6381,
                51.74263
              ],
              [
                14.64844,
                51.71721
              ],
              [
                14.67097,
                51.70077
              ],
              [
                14.71955,
                51.67563
              ],
              [
                14.73246,
                51.65835
              ],
              [
                14.74228,
                51.63297
              ],
              [
                14.74394,
                51.60664
              ],
              [
                14.73216,
                51.58662
              ],
              [
                14.71272,
                51.56742
              ],
              [
                14.70456,
                51.54799
              ],
              [
                14.70677,
                51.54083
              ],
              [
                14.71004,
                51.53024
              ],
              [
                14.73216,
                51.51582
              ],
              [
                14.79747,
                51.5021
              ],
              [
                14.81856,
                51.4927
              ],
              [
                14.81856,
                51.4926
              ],
              [
                14.8414,
                51.48443
              ],
              [
                14.88832,
                51.47575
              ],
              [
                14.91095,
                51.46898
              ],
              [
                14.92656,
                51.46133
              ],
              [
                14.94506,
                51.44919
              ],
              [
                14.9554,
                51.43541
              ],
              [
                14.94692,
                51.42291
              ],
              [
                14.95065,
                51.39654
              ],
              [
                14.95664,
                51.35415
              ],
              [
                14.95664,
                51.35322
              ],
              [
                14.96098,
                51.33529
              ],
              [
                14.96377,
                51.32839
              ],
              [
                14.98227,
                51.30801
              ],
              [
                15.0049,
                51.29129
              ],
              [
                15.01948,
                51.27168
              ],
              [
                15.01431,
                51.24266
              ],
              [
                15.01792,
                51.23956
              ],
              [
                15.02206,
                51.23677
              ],
              [
                15.0049,
                51.21561
              ],
              [
                14.99136,
                51.18897
              ],
              [
                14.9832,
                51.16091
              ],
              [
                14.98206,
                51.13564
              ],
              [
                14.98,
                51.1228
              ],
              [
                14.97338,
                51.11613
              ],
              [
                14.96563,
                51.11151
              ],
              [
                14.96025,
                51.10458
              ],
              [
                14.9585,
                51.09474
              ],
              [
                14.95829,
                51.07551
              ],
              [
                14.95529,
                51.06404
              ],
              [
                14.91065,
                50.99265
              ],
              [
                14.86021,
                50.91684
              ],
              [
                14.82465,
                50.89183
              ],
              [
                14.8105,
                50.87705
              ],
              [
                14.81039,
                50.85845
              ],
              [
                14.79458,
                50.83163
              ],
              [
                14.78507,
                50.82005
              ],
              [
                14.77536,
                50.81297
              ],
              [
                14.75923,
                50.81018
              ],
              [
                14.73753,
                50.8107
              ],
              [
                14.70042,
                50.81597
              ],
              [
                14.66218,
                50.83437
              ],
              [
                14.64792,
                50.83938
              ],
              [
                14.61319,
                50.84558
              ],
              [
                14.60834,
                50.85307
              ],
              [
                14.61185,
                50.87095
              ],
              [
                14.6288,
                50.89612
              ],
              [
                14.63459,
                50.9094
              ],
              [
                14.62922,
                50.92072
              ],
              [
                14.61712,
                50.92087
              ],
              [
                14.56183,
                50.90635
              ],
              [
                14.55036,
                50.91209
              ],
              [
                14.55584,
                50.92428
              ],
              [
                14.56782,
                50.93865
              ],
              [
                14.57558,
                50.95069
              ],
              [
                14.57743,
                50.96573
              ],
              [
                14.57433,
                50.97549
              ],
              [
                14.56669,
                50.9834
              ],
              [
                14.55459,
                50.99265
              ],
              [
                14.54229,
                50.99875
              ],
              [
                14.51532,
                51.00304
              ],
              [
                14.50292,
                51.00852
              ],
              [
                14.49351,
                51.01671
              ],
              [
                14.4901,
                51.0227
              ],
              [
                14.48793,
                51.02872
              ],
              [
                14.48214,
                51.0372
              ],
              [
                14.47346,
                51.02337
              ],
              [
                14.46209,
                51.01965
              ],
              [
                14.42582,
                51.02094
              ],
              [
                14.39781,
                51.01311
              ],
              [
                14.38675,
                51.01327
              ],
              [
                14.3759,
                51.01699
              ],
              [
                14.36939,
                51.02244
              ],
              [
                14.36411,
                51.028
              ],
              [
                14.35657,
                51.03234
              ],
              [
                14.31936,
                51.04001
              ],
              [
                14.28753,
                51.03683
              ],
              [
                14.26355,
                51.02143
              ],
              [
                14.2495,
                50.99265
              ],
              [
                14.23833,
                50.98247
              ],
              [
                14.25001,
                50.97761
              ],
              [
                14.28381,
                50.97482
              ],
              [
                14.30376,
                50.96971
              ],
              [
                14.30221,
                50.96769
              ],
              [
                14.29373,
                50.96397
              ],
              [
                14.2928,
                50.95348
              ],
              [
                14.31833,
                50.93751
              ],
              [
                14.35523,
                50.93064
              ],
              [
                14.38189,
                50.92087
              ],
              [
                14.3759,
                50.89596
              ],
              [
                14.34655,
                50.8802
              ],
              [
                14.2681,
                50.88413
              ],
              [
                14.23213,
                50.87938
              ],
              [
                14.22128,
                50.87261
              ],
              [
                14.20299,
                50.85514
              ],
              [
                14.19079,
                50.8479
              ],
              [
                14.03494,
                50.80259
              ],
              [
                14.01571,
                50.80176
              ],
              [
                13.97913,
                50.80476
              ],
              [
                13.95959,
                50.80207
              ],
              [
                13.94884,
                50.79721
              ],
              [
                13.93355,
                50.78481
              ],
              [
                13.92332,
                50.77995
              ],
              [
                13.91071,
                50.77876
              ],
              [
                13.90099,
                50.78062
              ],
              [
                13.89252,
                50.78042
              ],
              [
                13.88332,
                50.77323
              ],
              [
                13.87908,
                50.76352
              ],
              [
                13.88032,
                50.75504
              ],
              [
                13.8827,
                50.74802
              ],
              [
                13.88218,
                50.74274
              ],
              [
                13.87536,
                50.73654
              ],
              [
                13.86957,
                50.73525
              ],
              [
                13.86347,
                50.73515
              ],
              [
                13.83454,
                50.72368
              ],
              [
                13.81655,
                50.72135
              ],
              [
                13.77066,
                50.7246
              ],
              [
                13.74906,
                50.72321
              ],
              [
                13.71103,
                50.71427
              ],
              [
                13.69175,
                50.71184
              ],
              [
                13.60194,
                50.71215
              ],
              [
                13.55657,
                50.70672
              ],
              [
                13.51564,
                50.69102
              ],
              [
                13.52721,
                50.67567
              ],
              [
                13.52329,
                50.66218
              ],
              [
                13.50995,
                50.65122
              ],
              [
                13.49332,
                50.64321
              ],
              [
                13.4991,
                50.6352
              ],
              [
                13.49817,
                50.62916
              ],
              [
                13.49218,
                50.62446
              ],
              [
                13.48226,
                50.62089
              ],
              [
                13.46489,
                50.60709
              ],
              [
                13.44794,
                50.59727
              ],
              [
                13.42934,
                50.59433
              ],
              [
                13.40702,
                50.60131
              ],
              [
                13.4004,
                50.60658
              ],
              [
                13.38635,
                50.62161
              ],
              [
                13.38097,
                50.62549
              ],
              [
                13.36877,
                50.62833
              ],
              [
                13.36599,
                50.62709
              ],
              [
                13.36537,
                50.62347
              ],
              [
                13.35937,
                50.61934
              ],
              [
                13.32185,
                50.60239
              ],
              [
                13.31627,
                50.59603
              ],
              [
                13.30563,
                50.57578
              ],
              [
                13.28465,
                50.56896
              ],
              [
                13.26801,
                50.57366
              ],
              [
                13.25178,
                50.58089
              ],
              [
                13.23235,
                50.58203
              ],
              [
                13.19907,
                50.52534
              ],
              [
                13.1847,
                50.50875
              ],
              [
                13.16011,
                50.49702
              ],
              [
                13.1074,
                50.49899
              ],
              [
                13.07918,
                50.49278
              ],
              [
                13.07897,
                50.49268
              ],
              [
                13.07887,
                50.49268
              ],
              [
                13.06977,
                50.49108
              ],
              [
                13.06037,
                50.49061
              ],
              [
                13.05107,
                50.49113
              ],
              [
                13.04228,
                50.49278
              ],
              [
                13.03453,
                50.4965
              ],
              [
                13.02626,
                50.49764
              ],
              [
                13.01789,
                50.49635
              ],
              [
                13.00962,
                50.49268
              ],
              [
                13.00311,
                50.45191
              ],
              [
                13.0,
                50.44319
              ],
              [
                13.0,
                49.29464
              ],
              [
                13.00539,
                49.28676
              ],
              [
                13.00673,
                49.2771
              ],
              [
                13.01128,
                49.26779
              ],
              [
                13.04321,
                49.24289
              ],
              [
                13.04342,
                49.24278
              ],
              [
                13.05582,
                49.23818
              ],
              [
                13.14946,
                49.15483
              ],
              [
                13.16259,
                49.13514
              ],
              [
                13.1785,
                49.11835
              ],
              [
                13.20682,
                49.1075
              ],
              [
                13.26728,
                49.10563
              ],
              [
                13.28733,
                49.10057
              ],
              [
                13.29953,
                49.09365
              ],
              [
                13.32991,
                49.06693
              ],
              [
                13.37239,
                49.03851
              ],
              [
                13.38355,
                49.02109
              ],
              [
                13.38418,
                48.99303
              ],
              [
                13.39854,
                48.97768
              ],
              [
                13.42727,
                48.95996
              ],
              [
                13.4589,
                48.94502
              ],
              [
                13.48226,
                48.93763
              ],
              [
                13.49259,
                48.95505
              ],
              [
                13.5021,
                48.96606
              ],
              [
                13.51595,
                48.97024
              ],
              [
                13.52239,
                48.96934
              ],
              [
                13.53889,
                48.96704
              ],
              [
                13.55646,
                48.95996
              ],
              [
                13.57341,
                48.95102
              ],
              [
                13.59047,
                48.94482
              ],
              [
                13.60866,
                48.94616
              ],
              [
                13.61114,
                48.92725
              ],
              [
                13.62178,
                48.90906
              ],
              [
                13.63739,
                48.89345
              ],
              [
                13.65444,
                48.88224
              ],
              [
                13.67336,
                48.87635
              ],
              [
                13.71062,
                48.87247
              ],
              [
                13.72467,
                48.8673
              ],
              [
                13.74793,
                48.84338
              ],
              [
                13.79619,
                48.77981
              ],
              [
                13.81573,
                48.76643
              ]
            ]
          ],
          [
            [
              [
                14.21005,
                53.93846
              ],
              [
                14.19307,
                53.91149
              ],
              [
                14.1848,
                53.90813
              ],
              [
                14.17529,
                53.90648
              ],
              [
                14.19276,
                53.89377
              ],
              [
                14.20082,
                53.87816
              ],
              [
                14.08741,
                53.87043
              ],
              [
                14.06512,
                53.87238
              ],
              [
                14.04835,
                53.87938
              ],
              [
                14.02508,
                53.86384
              ],
              [
                13.99586,
                53.85375
              ],
              [
                13.93849,
                53.84467
              ],
              [
                13.87525,
                53.84406
              ],
              [
                13.8401,
                53.85029
              ],
              [
                13.82179,
                53.86514
              ],
              [
                13.83473,
                53.86799
              ],
              [
                13.85548,
                53.87739
              ],
              [
                13.88771,
                53.88154
              ],
              [
                13.92237,
                53.89338
              ],
              [
                13.93165,
                53.89932
              ],
              [
                13.93897,
                53.92821
              ],
              [
                13.90187,
                53.96979
              ],
              [
                13.90447,
                53.99543
              ],
              [
                13.95485,
                53.9936
              ],
              [
                13.97267,
                53.98924
              ],
              [
                13.96583,
                53.98184
              ],
              [
                13.96827,
                53.97626
              ],
              [
                13.9603,
                53.95673
              ],
              [
                13.95899,
                53.94086
              ],
              [
                13.97462,
                53.95734
              ],
              [
                13.98748,
                53.96141
              ],
              [
                14.02784,
                53.96137
              ],
              [
                14.02263,
                53.95897
              ],
              [
                14.01857,
                53.95637
              ],
              [
                14.01588,
                53.9527
              ],
              [
                14.01433,
                53.94709
              ],
              [
                14.04835,
                53.94086
              ],
              [
                14.04029,
                53.95384
              ],
              [
                14.05307,
                53.97842
              ],
              [
                14.05128,
                54.00507
              ],
              [
                14.03745,
                54.02172
              ],
              [
                14.01433,
                54.01602
              ],
              [
                14.0062,
                54.03229
              ],
              [
                13.99529,
                54.04572
              ],
              [
                13.9817,
                54.05634
              ],
              [
                13.96583,
                54.06379
              ],
              [
                13.94606,
                54.0666
              ],
              [
                13.92612,
                54.06403
              ],
              [
                13.91586,
                54.05638
              ],
              [
                13.92482,
                54.04389
              ],
              [
                13.92482,
                54.03644
              ],
              [
                13.91627,
                54.03364
              ],
              [
                13.90724,
                54.02749
              ],
              [
                13.89991,
                54.01972
              ],
              [
                13.89698,
                54.01227
              ],
              [
                13.89088,
                54.01016
              ],
              [
                13.85597,
                54.00235
              ],
              [
                13.85808,
                54.01577
              ],
              [
                13.86557,
                54.02408
              ],
              [
                13.87355,
                54.02998
              ],
              [
                13.87631,
                54.03644
              ],
              [
                13.8711,
                54.04865
              ],
              [
                13.86362,
                54.04999
              ],
              [
                13.85499,
                54.04633
              ],
              [
                13.82301,
                54.03791
              ],
              [
                13.80828,
                54.02631
              ],
              [
                13.7942,
                54.01813
              ],
              [
                13.7741,
                54.02277
              ],
              [
                13.78207,
                54.04214
              ],
              [
                13.80926,
                54.0751
              ],
              [
                13.81495,
                54.10126
              ],
              [
                13.80616,
                54.11664
              ],
              [
                13.76531,
                54.14191
              ],
              [
                13.75294,
                54.15314
              ],
              [
                13.76222,
                54.16445
              ],
              [
                13.7776,
                54.17402
              ],
              [
                13.79615,
                54.17829
              ],
              [
                13.81495,
                54.17365
              ],
              [
                13.82374,
                54.16397
              ],
              [
                13.84409,
                54.13129
              ],
              [
                13.85597,
                54.11835
              ],
              [
                13.8825,
                54.10244
              ],
              [
                13.94842,
                54.07978
              ],
              [
                13.98618,
                54.07123
              ],
              [
                14.01661,
                54.06
              ],
              [
                14.19239,
                53.94611
              ],
              [
                14.20948,
                53.93863
              ],
              [
                14.21005,
                53.93846
              ]
            ]
          ],
          [
            [
              [
                13.1434,
                54.59813
              ],
              [
                13.11891,
                54.58641
              ],
              [
                13.11313,
                54.57005
              ],
              [
                13.11215,
                54.55069
              ],
              [
                13.10255,
                54.52993
              ],
              [
                13.09522,
                54.52436
              ],
              [
                13.08107,
                54.51716
              ],
              [
                13.07504,
                54.50943
              ],
              [
                13.07146,
                54.49966
              ],
              [
                13.06959,
                54.48965
              ],
              [
                13.06821,
                54.46845
              ],
              [
                13.06137,
                54.46845
              ],
              [
                13.06137,
                54.48212
              ],
              [
                13.06422,
                54.50511
              ],
              [
                13.09555,
                54.57079
              ],
              [
                13.10231,
                54.5961
              ],
              [
                13.10963,
                54.6031
              ],
              [
                13.12599,
                54.60562
              ],
              [
                13.13982,
                54.60602
              ],
              [
                13.15105,
                54.60493
              ],
              [
                13.15724,
                54.59907
              ],
              [
                13.15707,
                54.58796
              ],
              [
                13.1565,
                54.58906
              ],
              [
                13.15366,
                54.59113
              ],
              [
                13.14967,
                54.59138
              ],
              [
                13.14967,
                54.5777
              ],
              [
                13.1434,
                54.5777
              ],
              [
                13.1434,
                54.59813
              ]
            ]
          ],
          [
            [
              [
                13.69825,
                54.39208
              ],
              [
                13.72486,
                54.36359
              ],
              [
                13.74195,
                54.35049
              ],
              [
                13.76645,
                54.34492
              ],
              [
                13.7531,
                54.3393
              ],
              [
                13.74008,
                54.32982
              ],
              [
                13.73015,
                54.31684
              ],
              [
                13.72625,
                54.30052
              ],
              [
                13.72625,
                54.28465
              ],
              [
                13.72316,
                54.27839
              ],
              [
                13.71274,
                54.279
              ],
              [
                13.69093,
                54.28352
              ],
              [
                13.70265,
                54.28352
              ],
              [
                13.71193,
                54.28657
              ],
              [
                13.71599,
                54.29328
              ],
              [
                13.71193,
                54.30394
              ],
              [
                13.70509,
                54.30394
              ],
              [
                13.69483,
                54.29743
              ],
              [
                13.67945,
                54.29401
              ],
              [
                13.66334,
                54.29389
              ],
              [
                13.65113,
                54.29719
              ],
              [
                13.65113,
                54.30394
              ],
              [
                13.68824,
                54.3133
              ],
              [
                13.70362,
                54.32046
              ],
              [
                13.71193,
                54.33185
              ],
              [
                13.65992,
                54.32978
              ],
              [
                13.63673,
                54.32551
              ],
              [
                13.61695,
                54.31761
              ],
              [
                13.67213,
                54.34032
              ],
              [
                13.69093,
                54.34492
              ],
              [
                13.69093,
                54.35175
              ],
              [
                13.66407,
                54.35326
              ],
              [
                13.65008,
                54.35244
              ],
              [
                13.64031,
                54.34833
              ],
              [
                13.6268,
                54.3391
              ],
              [
                13.61834,
                54.34138
              ],
              [
                13.61061,
                54.34797
              ],
              [
                13.59929,
                54.35175
              ],
              [
                13.49968,
                54.34492
              ],
              [
                13.48178,
                54.33828
              ],
              [
                13.42888,
                54.31094
              ],
              [
                13.41774,
                54.30052
              ],
              [
                13.4061,
                54.28522
              ],
              [
                13.3816,
                54.28221
              ],
              [
                13.35963,
                54.27546
              ],
              [
                13.35572,
                54.24873
              ],
              [
                13.3694,
                54.25556
              ],
              [
                13.36964,
                54.26065
              ],
              [
                13.36752,
                54.26195
              ],
              [
                13.36476,
                54.26203
              ],
              [
                13.36313,
                54.26301
              ],
              [
                13.4109,
                54.26789
              ],
              [
                13.41774,
                54.26606
              ],
              [
                13.42506,
                54.24323
              ],
              [
                13.42303,
                54.23273
              ],
              [
                13.40724,
                54.22822
              ],
              [
                13.37867,
                54.23086
              ],
              [
                13.34702,
                54.23745
              ],
              [
                13.31153,
                54.25113
              ],
              [
                13.31951,
                54.25641
              ],
              [
                13.32488,
                54.26821
              ],
              [
                13.33522,
                54.28352
              ],
              [
                13.32057,
                54.27839
              ],
              [
                13.31397,
                54.2744
              ],
              [
                13.30787,
                54.26919
              ],
              [
                13.31186,
                54.26642
              ],
              [
                13.31471,
                54.26301
              ],
              [
                13.29469,
                54.26411
              ],
              [
                13.28419,
                54.26284
              ],
              [
                13.27687,
                54.25926
              ],
              [
                13.26791,
                54.2565
              ],
              [
                13.25799,
                54.26044
              ],
              [
                13.24879,
                54.26626
              ],
              [
                13.24244,
                54.26919
              ],
              [
                13.22779,
                54.27082
              ],
              [
                13.21013,
                54.27582
              ],
              [
                13.19923,
                54.28441
              ],
              [
                13.20485,
                54.29719
              ],
              [
                13.19028,
                54.29975
              ],
              [
                13.15968,
                54.29096
              ],
              [
                13.14967,
                54.29027
              ],
              [
                13.14283,
                54.298
              ],
              [
                13.14894,
                54.30476
              ],
              [
                13.16228,
                54.30768
              ],
              [
                13.1775,
                54.30394
              ],
              [
                13.1775,
                54.31021
              ],
              [
                13.11549,
                54.33808
              ],
              [
                13.12924,
                54.35957
              ],
              [
                13.14894,
                54.37727
              ],
              [
                13.17433,
                54.38398
              ],
              [
                13.20485,
                54.37226
              ],
              [
                13.21168,
                54.3791
              ],
              [
                13.22332,
                54.3725
              ],
              [
                13.23715,
                54.37397
              ],
              [
                13.26686,
                54.38589
              ],
              [
                13.25115,
                54.38691
              ],
              [
                13.23927,
                54.39362
              ],
              [
                13.23439,
                54.40339
              ],
              [
                13.23902,
                54.4138
              ],
              [
                13.23902,
                54.42007
              ],
              [
                13.22535,
                54.42084
              ],
              [
                13.21795,
                54.42569
              ],
              [
                13.2116,
                54.4311
              ],
              [
                13.20143,
                54.43366
              ],
              [
                13.15699,
                54.42683
              ],
              [
                13.17433,
                54.44766
              ],
              [
                13.18181,
                54.45303
              ],
              [
                13.20883,
                54.45694
              ],
              [
                13.23902,
                54.46625
              ],
              [
                13.25953,
                54.46845
              ],
              [
                13.25953,
                54.47529
              ],
              [
                13.26075,
                54.47549
              ],
              [
                13.26686,
                54.47748
              ],
              [
                13.27312,
                54.48212
              ],
              [
                13.24537,
                54.48835
              ],
              [
                13.23325,
                54.49307
              ],
              [
                13.22535,
                54.50194
              ],
              [
                13.22877,
                54.5043
              ],
              [
                13.23194,
                54.50601
              ],
              [
                13.23365,
                54.50922
              ],
              [
                13.23276,
                54.51626
              ],
              [
                13.2033,
                54.50947
              ],
              [
                13.18539,
                54.50829
              ],
              [
                13.1775,
                54.51284
              ],
              [
                13.1753,
                54.51602
              ],
              [
                13.17066,
                54.51679
              ],
              [
                13.16603,
                54.51911
              ],
              [
                13.16383,
                54.5268
              ],
              [
                13.16261,
                54.53547
              ],
              [
                13.15887,
                54.54068
              ],
              [
                13.15235,
                54.54295
              ],
              [
                13.1434,
                54.54291
              ],
              [
                13.16635,
                54.54938
              ],
              [
                13.24293,
                54.55598
              ],
              [
                13.25953,
                54.55378
              ],
              [
                13.2649,
                54.5478
              ],
              [
                13.27654,
                54.54507
              ],
              [
                13.28826,
                54.53994
              ],
              [
                13.29363,
                54.5268
              ],
              [
                13.29786,
                54.51968
              ],
              [
                13.30551,
                54.52342
              ],
              [
                13.30926,
                54.53482
              ],
              [
                13.30104,
                54.55036
              ],
              [
                13.31544,
                54.56196
              ],
              [
                13.33367,
                54.57306
              ],
              [
                13.35255,
                54.58145
              ],
              [
                13.3694,
                54.58515
              ],
              [
                13.35825,
                54.56477
              ],
              [
                13.35076,
                54.55598
              ],
              [
                13.34205,
                54.55036
              ],
              [
                13.3484,
                54.55048
              ],
              [
                13.35385,
                54.54987
              ],
              [
                13.35865,
                54.54755
              ],
              [
                13.36313,
                54.54291
              ],
              [
                13.35808,
                54.53815
              ],
              [
                13.34889,
                54.52367
              ],
              [
                13.36329,
                54.52314
              ],
              [
                13.37485,
                54.52558
              ],
              [
                13.3838,
                54.53189
              ],
              [
                13.38982,
                54.54291
              ],
              [
                13.38136,
                54.54438
              ],
              [
                13.37184,
                54.5489
              ],
              [
                13.36313,
                54.55036
              ],
              [
                13.36313,
                54.5572
              ],
              [
                13.37672,
                54.56464
              ],
              [
                13.38787,
                54.55126
              ],
              [
                13.40553,
                54.53824
              ],
              [
                13.41733,
                54.52456
              ],
              [
                13.4109,
                54.50943
              ],
              [
                13.43068,
                54.49274
              ],
              [
                13.45558,
                54.48749
              ],
              [
                13.50709,
                54.48827
              ],
              [
                13.49968,
                54.49575
              ],
              [
                13.50929,
                54.50898
              ],
              [
                13.51417,
                54.51313
              ],
              [
                13.52076,
                54.51626
              ],
              [
                13.52076,
                54.52367
              ],
              [
                13.51295,
                54.53754
              ],
              [
                13.5075,
                54.54466
              ],
              [
                13.49968,
                54.55036
              ],
              [
                13.49968,
                54.5572
              ],
              [
                13.50554,
                54.55972
              ],
              [
                13.5088,
                54.56184
              ],
              [
                13.51287,
                54.56354
              ],
              [
                13.52076,
                54.56464
              ],
              [
                13.52076,
                54.57079
              ],
              [
                13.50831,
                54.57038
              ],
              [
                13.50025,
                54.56607
              ],
              [
                13.49391,
                54.56074
              ],
              [
                13.48658,
                54.5572
              ],
              [
                13.47576,
                54.5561
              ],
              [
                13.44142,
                54.5572
              ],
              [
                13.43605,
                54.56037
              ],
              [
                13.43068,
                54.56745
              ],
              [
                13.42384,
                54.57453
              ],
              [
                13.41432,
                54.5777
              ],
              [
                13.39926,
                54.57958
              ],
              [
                13.39308,
                54.58454
              ],
              [
                13.38966,
                54.59105
              ],
              [
                13.38299,
                54.59813
              ],
              [
                13.37135,
                54.6081
              ],
              [
                13.36915,
                54.61213
              ],
              [
                13.35572,
                54.60562
              ],
              [
                13.34791,
                54.60082
              ],
              [
                13.3318,
                54.58784
              ],
              [
                13.30836,
                54.57958
              ],
              [
                13.29135,
                54.56879
              ],
              [
                13.27328,
                54.56094
              ],
              [
                13.25327,
                54.56464
              ],
              [
                13.24977,
                54.57648
              ],
              [
                13.25685,
                54.59492
              ],
              [
                13.26987,
                54.6118
              ],
              [
                13.28395,
                54.61929
              ],
              [
                13.28696,
                54.62352
              ],
              [
                13.29127,
                54.63296
              ],
              [
                13.29347,
                54.64228
              ],
              [
                13.29054,
                54.64655
              ],
              [
                13.24586,
                54.6398
              ],
              [
                13.23121,
                54.63386
              ],
              [
                13.22478,
                54.63495
              ],
              [
                13.22535,
                54.64655
              ],
              [
                13.23097,
                54.65331
              ],
              [
                13.24155,
                54.65998
              ],
              [
                13.25359,
                54.66502
              ],
              [
                13.3908,
                54.68818
              ],
              [
                13.41871,
                54.68842
              ],
              [
                13.44508,
                54.68008
              ],
              [
                13.44508,
                54.6739
              ],
              [
                13.4297,
                54.66673
              ],
              [
                13.40903,
                54.65982
              ],
              [
                13.39088,
                54.65054
              ],
              [
                13.38299,
                54.63638
              ],
              [
                13.386,
                54.61864
              ],
              [
                13.39454,
                54.60444
              ],
              [
                13.40772,
                54.59341
              ],
              [
                13.42457,
                54.58515
              ],
              [
                13.46632,
                54.57689
              ],
              [
                13.59596,
                54.59138
              ],
              [
                13.64047,
                54.58568
              ],
              [
                13.67066,
                54.56623
              ],
              [
                13.67726,
                54.54047
              ],
              [
                13.65113,
                54.51626
              ],
              [
                13.60678,
                54.49897
              ],
              [
                13.58481,
                54.48652
              ],
              [
                13.57545,
                54.47187
              ],
              [
                13.57911,
                54.45506
              ],
              [
                13.5879,
                54.43757
              ],
              [
                13.59913,
                54.42267
              ],
              [
                13.60955,
                54.4138
              ],
              [
                13.63006,
                54.40754
              ],
              [
                13.67742,
                54.40082
              ],
              [
                13.69825,
                54.39208
              ]
            ]
          ]
        ]
      }
    },
    {
      "type": "Feature",
      "properties": {
        "id": "slovakia",
        "name": "Słowacja",
        "name_pl": "Słowacja"
      },
      "geometry": {
        "type": "Polygon",
        "coordinates": [
          [
            [
              22.53964,
              49.0722
            ],
            [
              22.53199,
              49.05571
            ],
            [
              22.52475,
              49.03287
            ],
            [
              22.5201,
              49.00983
            ],
            [
              22.52052,
              48.99293
            ],
            [
              22.50501,
              48.98425
            ],
            [
              22.46657,
              48.98053
            ],
            [
              22.449,
              48.97143
            ],
            [
              22.42729,
              48.92947
            ],
            [
              22.41489,
              48.91169
            ],
            [
              22.41365,
              48.90678
            ],
            [
              22.41375,
              48.89386
            ],
            [
              22.41179,
              48.88777
            ],
            [
              22.40238,
              48.87883
            ],
            [
              22.37841,
              48.86544
            ],
            [
              22.3708,
              48.85825
            ],
            [
              22.3689,
              48.85645
            ],
            [
              22.36228,
              48.84425
            ],
            [
              22.36156,
              48.83645
            ],
            [
              22.36352,
              48.82829
            ],
            [
              22.36569,
              48.79439
            ],
            [
              22.36342,
              48.78762
            ],
            [
              22.35649,
              48.77614
            ],
            [
              22.34781,
              48.76788
            ],
            [
              22.33841,
              48.76297
            ],
            [
              22.33076,
              48.75641
            ],
            [
              22.32766,
              48.74302
            ],
            [
              22.3289,
              48.72158
            ],
            [
              22.32249,
              48.70034
            ],
            [
              22.3103,
              48.68168
            ],
            [
              22.29428,
              48.66763
            ],
            [
              22.28218,
              48.6624
            ],
            [
              22.25552,
              48.65677
            ],
            [
              22.24322,
              48.65119
            ],
            [
              22.23568,
              48.64416
            ],
            [
              22.22524,
              48.62822
            ],
            [
              22.21904,
              48.62094
            ],
            [
              22.15372,
              48.58587
            ],
            [
              22.13873,
              48.56959
            ],
            [
              22.13666,
              48.54934
            ],
            [
              22.14834,
              48.50882
            ],
            [
              22.14483,
              48.49311
            ],
            [
              22.13377,
              48.47684
            ],
            [
              22.13284,
              48.4048
            ],
            [
              22.11393,
              48.38865
            ],
            [
              22.09646,
              48.37942
            ],
            [
              22.07786,
              48.37581
            ],
            [
              22.01801,
              48.37973
            ],
            [
              21.99993,
              48.37896
            ],
            [
              21.98153,
              48.37472
            ],
            [
              21.92934,
              48.37291
            ],
            [
              21.91476,
              48.36909
            ],
            [
              21.88428,
              48.35746
            ],
            [
              21.84118,
              48.35317
            ],
            [
              21.7894,
              48.33553
            ],
            [
              21.75901,
              48.33377
            ],
            [
              21.7277,
              48.3409
            ],
            [
              21.70124,
              48.35395
            ],
            [
              21.67757,
              48.37235
            ],
            [
              21.62155,
              48.42965
            ],
            [
              21.61339,
              48.44035
            ],
            [
              21.60037,
              48.48164
            ],
            [
              21.59168,
              48.49301
            ],
            [
              21.57463,
              48.49557
            ],
            [
              21.53773,
              48.49523
            ],
            [
              21.52182,
              48.50009
            ],
            [
              21.5151,
              48.50712
            ],
            [
              21.506,
              48.5265
            ],
            [
              21.49939,
              48.53507
            ],
            [
              21.49081,
              48.54027
            ],
            [
              21.47273,
              48.545
            ],
            [
              21.43914,
              48.55833
            ],
            [
              21.42456,
              48.56128
            ],
            [
              21.37268,
              48.55035
            ],
            [
              21.33857,
              48.54985
            ],
            [
              21.32183,
              48.54758
            ],
            [
              21.3023,
              48.53991
            ],
            [
              21.29393,
              48.53058
            ],
            [
              21.28824,
              48.51993
            ],
            [
              21.27656,
              48.50872
            ],
            [
              21.26178,
              48.50319
            ],
            [
              21.25041,
              48.5065
            ],
            [
              21.23801,
              48.51345
            ],
            [
              21.21992,
              48.51872
            ],
            [
              21.18675,
              48.51371
            ],
            [
              21.10934,
              48.48911
            ],
            [
              21.08402,
              48.49301
            ],
            [
              21.06386,
              48.50624
            ],
            [
              21.03596,
              48.51464
            ],
            [
              21.0065,
              48.51815
            ],
            [
              20.98149,
              48.51686
            ],
            [
              20.94583,
              48.51898
            ],
            [
              20.89137,
              48.54109
            ],
            [
              20.85995,
              48.54332
            ],
            [
              20.84548,
              48.54582
            ],
            [
              20.81581,
              48.56381
            ],
            [
              20.80031,
              48.56923
            ],
            [
              20.78409,
              48.56905
            ],
            [
              20.57252,
              48.53657
            ],
            [
              20.51051,
              48.53378
            ],
            [
              20.48167,
              48.52608
            ],
            [
              20.48054,
              48.51854
            ],
            [
              20.48023,
              48.51022
            ],
            [
              20.48219,
              48.49288
            ],
            [
              20.48281,
              48.48937
            ],
            [
              20.48291,
              48.48583
            ],
            [
              20.4825,
              48.48226
            ],
            [
              20.48167,
              48.47875
            ],
            [
              20.46824,
              48.46539
            ],
            [
              20.46597,
              48.46379
            ],
            [
              20.43558,
              48.44239
            ],
            [
              20.42059,
              48.42924
            ],
            [
              20.40902,
              48.41371
            ],
            [
              20.37016,
              48.33434
            ],
            [
              20.34928,
              48.30548
            ],
            [
              20.32427,
              48.27995
            ],
            [
              20.29523,
              48.26042
            ],
            [
              20.27238,
              48.25246
            ],
            [
              20.26029,
              48.25589
            ],
            [
              20.24903,
              48.26419
            ],
            [
              20.22908,
              48.2709
            ],
            [
              20.21782,
              48.2676
            ],
            [
              20.18764,
              48.24899
            ],
            [
              20.17089,
              48.24403
            ],
            [
              20.15332,
              48.24527
            ],
            [
              20.14309,
              48.2478
            ],
            [
              20.13451,
              48.24667
            ],
            [
              20.12201,
              48.23675
            ],
            [
              20.11808,
              48.22972
            ],
            [
              20.1126,
              48.21173
            ],
            [
              20.10526,
              48.2028
            ],
            [
              20.09699,
              48.19843
            ],
            [
              20.07808,
              48.19355
            ],
            [
              20.0383,
              48.17723
            ],
            [
              20.03498,
              48.17587
            ],
            [
              19.99695,
              48.16791
            ],
            [
              19.9739,
              48.15838
            ],
            [
              19.92863,
              48.13009
            ],
            [
              19.90507,
              48.1243
            ],
            [
              19.8843,
              48.12962
            ],
            [
              19.84626,
              48.15267
            ],
            [
              19.82166,
              48.15791
            ],
            [
              19.78559,
              48.14869
            ],
            [
              19.77608,
              48.14952
            ],
            [
              19.76668,
              48.159
            ],
            [
              19.76916,
              48.16745
            ],
            [
              19.77484,
              48.17608
            ],
            [
              19.77433,
              48.1859
            ],
            [
              19.75655,
              48.20032
            ],
            [
              19.73309,
              48.2029
            ],
            [
              19.68699,
              48.1969
            ],
            [
              19.67697,
              48.20039
            ],
            [
              19.65526,
              48.21835
            ],
            [
              19.6439,
              48.22481
            ],
            [
              19.63387,
              48.22677
            ],
            [
              19.62323,
              48.22701
            ],
            [
              19.53124,
              48.21065
            ],
            [
              19.51398,
              48.20396
            ],
            [
              19.50303,
              48.18941
            ],
            [
              19.49362,
              48.15071
            ],
            [
              19.48174,
              48.13489
            ],
            [
              19.48143,
              48.13443
            ],
            [
              19.48122,
              48.13396
            ],
            [
              19.48143,
              48.13334
            ],
            [
              19.48174,
              48.13267
            ],
            [
              19.48329,
              48.12719
            ],
            [
              19.4838,
              48.12177
            ],
            [
              19.48329,
              48.1165
            ],
            [
              19.48174,
              48.11133
            ],
            [
              19.4282,
              48.08585
            ],
            [
              19.29322,
              48.08776
            ],
            [
              19.23348,
              48.06208
            ],
            [
              19.22253,
              48.06058
            ],
            [
              19.0985,
              48.07074
            ],
            [
              19.03866,
              48.06487
            ],
            [
              19.01902,
              48.0655
            ],
            [
              18.99649,
              48.06621
            ],
            [
              18.98182,
              48.06162
            ],
            [
              18.9336,
              48.05435
            ],
            [
              18.83847,
              48.04001
            ],
            [
              18.821,
              48.03045
            ],
            [
              18.79423,
              47.99314
            ],
            [
              18.78472,
              47.98761
            ],
            [
              18.76529,
              47.98539
            ],
            [
              18.7562,
              47.98183
            ],
            [
              18.74318,
              47.97105
            ],
            [
              18.74452,
              47.96736
            ],
            [
              18.75144,
              47.96335
            ],
            [
              18.75475,
              47.9518
            ],
            [
              18.74473,
              47.91051
            ],
            [
              18.74225,
              47.88945
            ],
            [
              18.74876,
              47.87072
            ],
            [
              18.77801,
              47.85145
            ],
            [
              18.81645,
              47.83256
            ],
            [
              18.81492,
              47.83219
            ],
            [
              18.79031,
              47.82633
            ],
            [
              18.76767,
              47.8223
            ],
            [
              18.75031,
              47.81362
            ],
            [
              18.71723,
              47.78812
            ],
            [
              18.69284,
              47.77796
            ],
            [
              18.6637,
              47.7759
            ],
            [
              18.63383,
              47.77982
            ],
            [
              18.59745,
              47.79065
            ],
            [
              18.55259,
              47.79285
            ],
            [
              18.34785,
              47.77678
            ],
            [
              18.27302,
              47.75626
            ],
            [
              18.23592,
              47.75388
            ],
            [
              18.11262,
              47.76249
            ],
            [
              17.88353,
              47.75252
            ],
            [
              17.82571,
              47.75001
            ],
            [
              17.742,
              47.76538
            ],
            [
              17.71925,
              47.77367
            ],
            [
              17.67668,
              47.78918
            ],
            [
              17.66624,
              47.79703
            ],
            [
              17.65838,
              47.80732
            ],
            [
              17.63988,
              47.8192
            ],
            [
              17.61911,
              47.82923
            ],
            [
              17.60423,
              47.83424
            ],
            [
              17.59296,
              47.8331
            ],
            [
              17.58294,
              47.82979
            ],
            [
              17.5726,
              47.82954
            ],
            [
              17.56041,
              47.83799
            ],
            [
              17.52661,
              47.87212
            ],
            [
              17.51731,
              47.87625
            ],
            [
              17.49219,
              47.87982
            ],
            [
              17.48186,
              47.88271
            ],
            [
              17.47204,
              47.88881
            ],
            [
              17.36941,
              47.98121
            ],
            [
              17.33789,
              47.99873
            ],
            [
              17.27267,
              48.00534
            ],
            [
              17.26232,
              48.00728
            ],
            [
              17.22089,
              48.01505
            ],
            [
              17.18482,
              48.02027
            ],
            [
              17.14834,
              48.00544
            ],
            [
              17.12498,
              48.01953
            ],
            [
              17.09263,
              48.02725
            ],
            [
              17.06969,
              48.03567
            ],
            [
              17.07506,
              48.05208
            ],
            [
              17.06307,
              48.05877
            ],
            [
              17.05914,
              48.06043
            ],
            [
              17.06483,
              48.07903
            ],
            [
              17.07,
              48.08916
            ],
            [
              17.08023,
              48.09761
            ],
            [
              17.06721,
              48.10694
            ],
            [
              17.06245,
              48.11272
            ],
            [
              17.04746,
              48.13099
            ],
            [
              17.03692,
              48.13551
            ],
            [
              17.0209,
              48.13717
            ],
            [
              17.00716,
              48.1428
            ],
            [
              16.98194,
              48.1613
            ],
            [
              16.97481,
              48.17688
            ],
            [
              16.97471,
              48.19856
            ],
            [
              16.96995,
              48.21664
            ],
            [
              16.95434,
              48.25256
            ],
            [
              16.95393,
              48.25734
            ],
            [
              16.95528,
              48.26879
            ],
            [
              16.95434,
              48.27313
            ],
            [
              16.95062,
              48.27659
            ],
            [
              16.94442,
              48.27801
            ],
            [
              16.93336,
              48.28473
            ],
            [
              16.92427,
              48.28752
            ],
            [
              16.91662,
              48.2908
            ],
            [
              16.91331,
              48.29669
            ],
            [
              16.91207,
              48.30124
            ],
            [
              16.90887,
              48.30698
            ],
            [
              16.90546,
              48.31199
            ],
            [
              16.90277,
              48.31411
            ],
            [
              16.89843,
              48.31617
            ],
            [
              16.90029,
              48.32124
            ],
            [
              16.90422,
              48.32702
            ],
            [
              16.90649,
              48.33147
            ],
            [
              16.90195,
              48.3394
            ],
            [
              16.89171,
              48.34702
            ],
            [
              16.88117,
              48.35281
            ],
            [
              16.87549,
              48.35503
            ],
            [
              16.85533,
              48.35645
            ],
            [
              16.84758,
              48.35958
            ],
            [
              16.84448,
              48.3656
            ],
            [
              16.8451,
              48.37658
            ],
            [
              16.84686,
              48.38113
            ],
            [
              16.84934,
              48.3841
            ],
            [
              16.85192,
              48.39041
            ],
            [
              16.86081,
              48.44379
            ],
            [
              16.86494,
              48.45808
            ],
            [
              16.87507,
              48.47154
            ],
            [
              16.90122,
              48.4966
            ],
            [
              16.90649,
              48.50991
            ],
            [
              16.91393,
              48.51934
            ],
            [
              16.93047,
              48.5282
            ],
            [
              16.9469,
              48.53973
            ],
            [
              16.94906,
              48.54484
            ],
            [
              16.95434,
              48.5574
            ],
            [
              16.94504,
              48.60417
            ],
            [
              16.94752,
              48.62316
            ],
            [
              16.96334,
              48.63595
            ],
            [
              16.97481,
              48.64987
            ],
            [
              17.02535,
              48.74633
            ],
            [
              17.04995,
              48.77403
            ],
            [
              17.08436,
              48.79371
            ],
            [
              17.09873,
              48.80576
            ],
            [
              17.10462,
              48.82462
            ],
            [
              17.11371,
              48.83392
            ],
            [
              17.16746,
              48.85976
            ],
            [
              17.21221,
              48.86606
            ],
            [
              17.26027,
              48.85779
            ],
            [
              17.37437,
              48.81961
            ],
            [
              17.39173,
              48.82178
            ],
            [
              17.41123,
              48.83022
            ],
            [
              17.42956,
              48.83816
            ],
            [
              17.45333,
              48.84276
            ],
            [
              17.4679,
              48.8381
            ],
            [
              17.4985,
              48.81676
            ],
            [
              17.53508,
              48.81299
            ],
            [
              17.72722,
              48.86291
            ],
            [
              17.74489,
              48.87257
            ],
            [
              17.77941,
              48.91174
            ],
            [
              17.79553,
              48.92058
            ],
            [
              17.82013,
              48.92337
            ],
            [
              17.84121,
              48.92099
            ],
            [
              17.86034,
              48.92172
            ],
            [
              17.87873,
              48.93355
            ],
            [
              17.8869,
              48.94725
            ],
            [
              17.89465,
              48.9782
            ],
            [
              17.90085,
              48.99303
            ],
            [
              17.91408,
              49.0105
            ],
            [
              17.93506,
              49.01939
            ],
            [
              17.95924,
              49.02187
            ],
            [
              18.01289,
              49.01913
            ],
            [
              18.04606,
              49.02915
            ],
            [
              18.07552,
              49.04719
            ],
            [
              18.09629,
              49.07029
            ],
            [
              18.1029,
              49.09225
            ],
            [
              18.10163,
              49.13693
            ],
            [
              18.10146,
              49.14294
            ],
            [
              18.10507,
              49.16976
            ],
            [
              18.11779,
              49.20258
            ],
            [
              18.1365,
              49.23307
            ],
            [
              18.16058,
              49.2587
            ],
            [
              18.19003,
              49.27694
            ],
            [
              18.3246,
              49.31126
            ],
            [
              18.36159,
              49.33019
            ],
            [
              18.38516,
              49.34226
            ],
            [
              18.38764,
              49.38975
            ],
            [
              18.41679,
              49.38546
            ],
            [
              18.43922,
              49.39507
            ],
            [
              18.4818,
              49.42908
            ],
            [
              18.51466,
              49.4406
            ],
            [
              18.52293,
              49.44608
            ],
            [
              18.528,
              49.45486
            ],
            [
              18.53048,
              49.47347
            ],
            [
              18.53564,
              49.48168
            ],
            [
              18.55621,
              49.49016
            ],
            [
              18.60045,
              49.48597
            ],
            [
              18.62897,
              49.49579
            ],
            [
              18.6359,
              49.49672
            ],
            [
              18.64282,
              49.49579
            ],
            [
              18.67558,
              49.48504
            ],
            [
              18.70452,
              49.47926
            ],
            [
              18.73253,
              49.48029
            ],
            [
              18.77356,
              49.50489
            ],
            [
              18.79227,
              49.50954
            ],
            [
              18.8332,
              49.51026
            ],
            [
              18.93221,
              49.50432
            ],
            [
              18.96115,
              49.49279
            ],
            [
              18.95236,
              49.47595
            ],
            [
              18.9534,
              49.46169
            ],
            [
              18.95825,
              49.44815
            ],
            [
              18.96084,
              49.43332
            ],
            [
              18.9567,
              49.40045
            ],
            [
              18.96228,
              49.38918
            ],
            [
              18.98182,
              49.38681
            ],
            [
              19.00714,
              49.3881
            ],
            [
              19.04579,
              49.40277
            ],
            [
              19.0676,
              49.40613
            ],
            [
              19.0768,
              49.40407
            ],
            [
              19.09664,
              49.39461
            ],
            [
              19.10626,
              49.3914
            ],
            [
              19.11659,
              49.39094
            ],
            [
              19.14171,
              49.3942
            ],
            [
              19.1725,
              49.40226
            ],
            [
              19.17974,
              49.41027
            ],
            [
              19.18232,
              49.42272
            ],
            [
              19.18935,
              49.4422
            ],
            [
              19.19224,
              49.44262
            ],
            [
              19.20454,
              49.44282
            ],
            [
              19.20899,
              49.44499
            ],
            [
              19.21136,
              49.45166
            ],
            [
              19.2094,
              49.45641
            ],
            [
              19.2062,
              49.45941
            ],
            [
              19.20444,
              49.46055
            ],
            [
              19.22046,
              49.493
            ],
            [
              19.2341,
              49.50721
            ],
            [
              19.24867,
              49.51626
            ],
            [
              19.265,
              49.52148
            ],
            [
              19.28423,
              49.52416
            ],
            [
              19.31503,
              49.52396
            ],
            [
              19.32536,
              49.52504
            ],
            [
              19.33952,
              49.52876
            ],
            [
              19.34707,
              49.533
            ],
            [
              19.43378,
              49.59517
            ],
            [
              19.4376,
              49.60013
            ],
            [
              19.44339,
              49.60178
            ],
            [
              19.44889,
              49.60031
            ],
            [
              19.45734,
              49.59806
            ],
            [
              19.47419,
              49.57873
            ],
            [
              19.48174,
              49.57351
            ],
            [
              19.5052,
              49.56338
            ],
            [
              19.51729,
              49.54328
            ],
            [
              19.53548,
              49.49285
            ],
            [
              19.5516,
              49.46101
            ],
            [
              19.55677,
              49.45388
            ],
            [
              19.57393,
              49.44525
            ],
            [
              19.5948,
              49.44158
            ],
            [
              19.6348,
              49.44132
            ],
            [
              19.63015,
              49.43502
            ],
            [
              19.6286,
              49.42959
            ],
            [
              19.62922,
              49.41394
            ],
            [
              19.6271,
              49.40216
            ],
            [
              19.62704,
              49.40187
            ],
            [
              19.68451,
              49.38908
            ],
            [
              19.70632,
              49.38753
            ],
            [
              19.72658,
              49.38887
            ],
            [
              19.76007,
              49.39766
            ],
            [
              19.76906,
              49.39321
            ],
            [
              19.76926,
              49.39311
            ],
            [
              19.77857,
              49.3742
            ],
            [
              19.78363,
              49.35756
            ],
            [
              19.78952,
              49.30919
            ],
            [
              19.78797,
              49.3051
            ],
            [
              19.78032,
              49.29761
            ],
            [
              19.77971,
              49.29345
            ],
            [
              19.7797,
              49.29337
            ],
            [
              19.78322,
              49.29002
            ],
            [
              19.79686,
              49.2834
            ],
            [
              19.79696,
              49.28335
            ],
            [
              19.79856,
              49.28108
            ],
            [
              19.79882,
              49.28071
            ],
            [
              19.80642,
              49.27549
            ],
            [
              19.80678,
              49.27524
            ],
            [
              19.80864,
              49.2709
            ],
            [
              19.80626,
              49.26526
            ],
            [
              19.80048,
              49.26304
            ],
            [
              19.79407,
              49.26185
            ],
            [
              19.78962,
              49.25948
            ],
            [
              19.7518,
              49.21906
            ],
            [
              19.74777,
              49.20589
            ],
            [
              19.76068,
              49.19421
            ],
            [
              19.7859,
              49.18816
            ],
            [
              19.832,
              49.18589
            ],
            [
              19.85422,
              49.19126
            ],
            [
              19.86829,
              49.20079
            ],
            [
              19.88781,
              49.214
            ],
            [
              19.9059,
              49.22279
            ],
            [
              19.93793,
              49.22511
            ],
            [
              19.96574,
              49.21565
            ],
            [
              20.01731,
              49.18387
            ],
            [
              20.05049,
              49.17323
            ],
            [
              20.07002,
              49.1831
            ],
            [
              20.08036,
              49.20811
            ],
            [
              20.08604,
              49.24304
            ],
            [
              20.09844,
              49.25286
            ],
            [
              20.10537,
              49.26397
            ],
            [
              20.11105,
              49.27586
            ],
            [
              20.13017,
              49.30392
            ],
            [
              20.13586,
              49.30888
            ],
            [
              20.13834,
              49.30733
            ],
            [
              20.16035,
              49.30562
            ],
            [
              20.17017,
              49.31162
            ],
            [
              20.19198,
              49.32862
            ],
            [
              20.20717,
              49.3342
            ],
            [
              20.28437,
              49.33864
            ],
            [
              20.28934,
              49.34309
            ],
            [
              20.29647,
              49.35694
            ],
            [
              20.30163,
              49.3712
            ],
            [
              20.3037,
              49.3804
            ],
            [
              20.30742,
              49.3866
            ],
            [
              20.31765,
              49.39161
            ],
            [
              20.32954,
              49.39177
            ],
            [
              20.37047,
              49.38169
            ],
            [
              20.42214,
              49.38298
            ],
            [
              20.42194,
              49.40019
            ],
            [
              20.43754,
              49.40252
            ],
            [
              20.52209,
              49.37435
            ],
            [
              20.544,
              49.37084
            ],
            [
              20.56766,
              49.37637
            ],
            [
              20.57914,
              49.3834
            ],
            [
              20.59505,
              49.39626
            ],
            [
              20.60528,
              49.40004
            ],
            [
              20.61448,
              49.40045
            ],
            [
              20.63608,
              49.39833
            ],
            [
              20.67391,
              49.40231
            ],
            [
              20.68952,
              49.4005
            ],
            [
              20.7783,
              49.3312
            ],
            [
              20.79411,
              49.32366
            ],
            [
              20.81654,
              49.32138
            ],
            [
              20.83359,
              49.32205
            ],
            [
              20.8493,
              49.3205
            ],
            [
              20.86801,
              49.31141
            ],
            [
              20.88434,
              49.3003
            ],
            [
              20.90056,
              49.2926
            ],
            [
              20.91896,
              49.29033
            ],
            [
              20.94242,
              49.29586
            ],
            [
              20.96402,
              49.3081
            ],
            [
              20.99668,
              49.33937
            ],
            [
              21.01725,
              49.35244
            ],
            [
              21.03296,
              49.35461
            ],
            [
              21.05404,
              49.35477
            ],
            [
              21.07254,
              49.35719
            ],
            [
              21.08071,
              49.36634
            ],
            [
              21.06851,
              49.38143
            ],
            [
              21.04546,
              49.39058
            ],
            [
              21.03327,
              49.39967
            ],
            [
              21.05353,
              49.41445
            ],
            [
              21.06882,
              49.41921
            ],
            [
              21.10944,
              49.42458
            ],
            [
              21.12494,
              49.42365
            ],
            [
              21.14303,
              49.41554
            ],
            [
              21.15729,
              49.40515
            ],
            [
              21.17259,
              49.39828
            ],
            [
              21.19409,
              49.4006
            ],
            [
              21.21124,
              49.41109
            ],
            [
              21.24245,
              49.44127
            ],
            [
              21.26054,
              49.44944
            ],
            [
              21.27439,
              49.44727
            ],
            [
              21.33041,
              49.42779
            ],
            [
              21.42787,
              49.4098
            ],
            [
              21.44441,
              49.40991
            ],
            [
              21.48151,
              49.41523
            ],
            [
              21.49619,
              49.41239
            ],
            [
              21.51442,
              49.41721
            ],
            [
              21.52957,
              49.42122
            ],
            [
              21.60119,
              49.42649
            ],
            [
              21.6199,
              49.42334
            ],
            [
              21.63003,
              49.4189
            ],
            [
              21.64863,
              49.40706
            ],
            [
              21.65876,
              49.40246
            ],
            [
              21.66631,
              49.40179
            ],
            [
              21.68181,
              49.40407
            ],
            [
              21.69173,
              49.40215
            ],
            [
              21.70858,
              49.39089
            ],
            [
              21.74217,
              49.35709
            ],
            [
              21.75757,
              49.34893
            ],
            [
              21.768,
              49.35347
            ],
            [
              21.78216,
              49.36448
            ],
            [
              21.79942,
              49.37482
            ],
            [
              21.81958,
              49.37725
            ],
            [
              21.83787,
              49.37042
            ],
            [
              21.87456,
              49.34836
            ],
            [
              21.92841,
              49.33079
            ],
            [
              21.96448,
              49.30857
            ],
            [
              21.99321,
              49.27818
            ],
            [
              22.00582,
              49.24289
            ],
            [
              22.01243,
              49.21105
            ],
            [
              22.04075,
              49.19746
            ],
            [
              22.11155,
              49.18863
            ],
            [
              22.1441,
              49.17488
            ],
            [
              22.15568,
              49.17152
            ],
            [
              22.16571,
              49.17111
            ],
            [
              22.18968,
              49.17302
            ],
            [
              22.19795,
              49.17199
            ],
            [
              22.20891,
              49.16398
            ],
            [
              22.20901,
              49.15695
            ],
            [
              22.20622,
              49.15049
            ],
            [
              22.20849,
              49.14419
            ],
            [
              22.21594,
              49.14
            ],
            [
              22.26286,
              49.13059
            ],
            [
              22.31815,
              49.13199
            ],
            [
              22.33944,
              49.12646
            ],
            [
              22.39008,
              49.09302
            ],
            [
              22.42677,
              49.08564
            ],
            [
              22.50501,
              49.08341
            ],
            [
              22.53964,
              49.0722
            ]
          ]
        ]
      }
    },
    {
      "type": "Feature",
      "properties": {
        "id": "poland",
        "name": "Polska",
        "name_pl": "Polska"
      },
      "geometry": {
        "type": "Polygon",
        "coordinates": [
          [
            [
              18.8332,
              49.51026
            ],
            [
              18.83743,
              49.52695
            ],
            [
              18.83454,
              49.54762
            ],
            [
              18.82017,
              49.59026
            ],
            [
              18.81573,
              49.5993
            ],
            [
              18.80395,
              49.61677
            ],
            [
              18.7993,
              49.62638
            ],
            [
              18.79258,
              49.66079
            ],
            [
              18.78844,
              49.6686
            ],
            [
              18.77346,
              49.67583
            ],
            [
              18.75785,
              49.67408
            ],
            [
              18.74225,
              49.66968
            ],
            [
              18.72767,
              49.66891
            ],
            [
              18.71506,
              49.67382
            ],
            [
              18.69543,
              49.68885
            ],
            [
              18.6824,
              49.69578
            ],
            [
              18.66814,
              49.69857
            ],
            [
              18.63734,
              49.70033
            ],
            [
              18.62401,
              49.70637
            ],
            [
              18.61771,
              49.71387
            ],
            [
              18.60768,
              49.74296
            ],
            [
              18.58412,
              49.77438
            ],
            [
              18.56675,
              49.80477
            ],
            [
              18.56634,
              49.83158
            ],
            [
              18.59383,
              49.8522
            ],
            [
              18.56727,
              49.86145
            ],
            [
              18.56293,
              49.8737
            ],
            [
              18.56541,
              49.88905
            ],
            [
              18.55921,
              49.90719
            ],
            [
              18.54443,
              49.91298
            ],
            [
              18.50505,
              49.8967
            ],
            [
              18.4818,
              49.89664
            ],
            [
              18.40749,
              49.92316
            ],
            [
              18.36883,
              49.93204
            ],
            [
              18.32852,
              49.92884
            ],
            [
              18.33069,
              49.92884
            ],
            [
              18.33245,
              49.92827
            ],
            [
              18.33379,
              49.92713
            ],
            [
              18.33493,
              49.92543
            ],
            [
              18.30692,
              49.90967
            ],
            [
              18.29245,
              49.90781
            ],
            [
              18.27261,
              49.9183
            ],
            [
              18.26703,
              49.92507
            ],
            [
              18.2601,
              49.94057
            ],
            [
              18.25587,
              49.94605
            ],
            [
              18.24398,
              49.95173
            ],
            [
              18.22052,
              49.95488
            ],
            [
              18.20874,
              49.95829
            ],
            [
              18.17722,
              49.97581
            ],
            [
              18.16202,
              49.98124
            ],
            [
              18.09815,
              49.98904
            ],
            [
              18.08513,
              49.99876
            ],
            [
              18.09164,
              50.01721
            ],
            [
              18.03325,
              50.0418
            ],
            [
              18.01907,
              50.04409
            ],
            [
              18.00245,
              50.04677
            ],
            [
              18.00689,
              50.02413
            ],
            [
              18.01216,
              50.02268
            ],
            [
              18.02012,
              50.02429
            ],
            [
              18.0287,
              50.02413
            ],
            [
              18.03573,
              50.01721
            ],
            [
              18.03748,
              50.00723
            ],
            [
              18.03242,
              50.00284
            ],
            [
              17.99986,
              49.99659
            ],
            [
              17.95976,
              49.99581
            ],
            [
              17.94157,
              49.99276
            ],
            [
              17.91212,
              49.97581
            ],
            [
              17.87573,
              49.96868
            ],
            [
              17.83936,
              49.97364
            ],
            [
              17.77455,
              50.01519
            ],
            [
              17.76329,
              50.02522
            ],
            [
              17.75543,
              50.03715
            ],
            [
              17.74985,
              50.0495
            ],
            [
              17.74303,
              50.06056
            ],
            [
              17.73197,
              50.06909
            ],
            [
              17.72257,
              50.07514
            ],
            [
              17.71947,
              50.08087
            ],
            [
              17.72267,
              50.08635
            ],
            [
              17.73197,
              50.09147
            ],
            [
              17.73239,
              50.09219
            ],
            [
              17.73259,
              50.09296
            ],
            [
              17.73239,
              50.09389
            ],
            [
              17.73197,
              50.09488
            ],
            [
              17.71792,
              50.09679
            ],
            [
              17.69073,
              50.10547
            ],
            [
              17.67761,
              50.10774
            ],
            [
              17.66696,
              50.10614
            ],
            [
              17.65849,
              50.10299
            ],
            [
              17.64836,
              50.1018
            ],
            [
              17.63275,
              50.10635
            ],
            [
              17.58418,
              50.14588
            ],
            [
              17.58211,
              50.15317
            ],
            [
              17.58945,
              50.16324
            ],
            [
              17.6004,
              50.16681
            ],
            [
              17.64867,
              50.168
            ],
            [
              17.67533,
              50.17472
            ],
            [
              17.71792,
              50.1911
            ],
            [
              17.73817,
              50.20236
            ],
            [
              17.74758,
              50.2175
            ],
            [
              17.73197,
              50.236
            ],
            [
              17.72143,
              50.24272
            ],
            [
              17.71916,
              50.2528
            ],
            [
              17.72112,
              50.26195
            ],
            [
              17.73197,
              50.28065
            ],
            [
              17.73425,
              50.28381
            ],
            [
              17.73497,
              50.2868
            ],
            [
              17.73445,
              50.28949
            ],
            [
              17.73197,
              50.29176
            ],
            [
              17.71357,
              50.30768
            ],
            [
              17.70799,
              50.31104
            ],
            [
              17.69104,
              50.31507
            ],
            [
              17.68453,
              50.31238
            ],
            [
              17.68195,
              50.30556
            ],
            [
              17.67637,
              50.2974
            ],
            [
              17.64671,
              50.27109
            ],
            [
              17.62955,
              50.2621
            ],
            [
              17.6064,
              50.25823
            ],
            [
              17.517,
              50.26835
            ],
            [
              17.46935,
              50.26556
            ],
            [
              17.44,
              50.24272
            ],
            [
              17.43483,
              50.2405
            ],
            [
              17.42956,
              50.23978
            ],
            [
              17.42419,
              50.24055
            ],
            [
              17.41912,
              50.24272
            ],
            [
              17.40982,
              50.26133
            ],
            [
              17.38801,
              50.27264
            ],
            [
              17.3659,
              50.27156
            ],
            [
              17.35504,
              50.25326
            ],
            [
              17.34171,
              50.25972
            ],
            [
              17.33479,
              50.27001
            ],
            [
              17.33282,
              50.28267
            ],
            [
              17.33406,
              50.29569
            ],
            [
              17.32952,
              50.29822
            ],
            [
              17.32538,
              50.30112
            ],
            [
              17.32187,
              50.30448
            ],
            [
              17.31908,
              50.30825
            ],
            [
              17.33747,
              50.313
            ],
            [
              17.3168,
              50.31864
            ],
            [
              17.26988,
              50.31776
            ],
            [
              17.24611,
              50.32215
            ],
            [
              17.21087,
              50.33641
            ],
            [
              17.20105,
              50.34323
            ],
            [
              17.19505,
              50.35191
            ],
            [
              17.18885,
              50.36483
            ],
            [
              17.18544,
              50.37569
            ],
            [
              17.18761,
              50.37848
            ],
            [
              17.17593,
              50.38075
            ],
            [
              17.14544,
              50.37672
            ],
            [
              17.1317,
              50.37682
            ],
            [
              17.11888,
              50.38116
            ],
            [
              17.09563,
              50.39367
            ],
            [
              17.08467,
              50.39796
            ],
            [
              16.98194,
              50.41636
            ],
            [
              16.95879,
              50.4146
            ],
            [
              16.94401,
              50.42027
            ],
            [
              16.91579,
              50.43108
            ],
            [
              16.89295,
              50.43294
            ],
            [
              16.86577,
              50.4224
            ],
            [
              16.86587,
              50.40845
            ],
            [
              16.89791,
              50.37822
            ],
            [
              16.90928,
              50.35992
            ],
            [
              16.91672,
              50.33863
            ],
            [
              16.92654,
              50.31925
            ],
            [
              16.94525,
              50.30691
            ],
            [
              16.96964,
              50.29776
            ],
            [
              16.98783,
              50.28494
            ],
            [
              16.99837,
              50.26701
            ],
            [
              16.99982,
              50.24272
            ],
            [
              17.01284,
              50.23166
            ],
            [
              17.01481,
              50.21849
            ],
            [
              17.0084,
              50.20996
            ],
            [
              16.99631,
              50.2129
            ],
            [
              16.98566,
              50.22314
            ],
            [
              16.98101,
              50.22918
            ],
            [
              16.97501,
              50.23182
            ],
            [
              16.96034,
              50.23197
            ],
            [
              16.95755,
              50.22924
            ],
            [
              16.95775,
              50.21714
            ],
            [
              16.95528,
              50.21347
            ],
            [
              16.94628,
              50.21306
            ],
            [
              16.92778,
              50.2173
            ],
            [
              16.919,
              50.21709
            ],
            [
              16.90701,
              50.21177
            ],
            [
              16.89037,
              50.19694
            ],
            [
              16.88096,
              50.19156
            ],
            [
              16.86976,
              50.18973
            ],
            [
              16.85761,
              50.18774
            ],
            [
              16.83756,
              50.18862
            ],
            [
              16.81771,
              50.18676
            ],
            [
              16.79528,
              50.17441
            ],
            [
              16.7773,
              50.15694
            ],
            [
              16.76645,
              50.1434
            ],
            [
              16.75425,
              50.13229
            ],
            [
              16.73203,
              50.12195
            ],
            [
              16.70123,
              50.09493
            ],
            [
              16.66062,
              50.09302
            ],
            [
              16.61865,
              50.10702
            ],
            [
              16.58424,
              50.12743
            ],
            [
              16.56667,
              50.14221
            ],
            [
              16.55726,
              50.15472
            ],
            [
              16.54589,
              50.18882
            ],
            [
              16.53504,
              50.20774
            ],
            [
              16.50476,
              50.22799
            ],
            [
              16.49205,
              50.24272
            ],
            [
              16.47758,
              50.25533
            ],
            [
              16.45215,
              50.28499
            ],
            [
              16.43779,
              50.29796
            ],
            [
              16.41557,
              50.30794
            ],
            [
              16.37102,
              50.31838
            ],
            [
              16.35324,
              50.33352
            ],
            [
              16.35066,
              50.34225
            ],
            [
              16.35149,
              50.35135
            ],
            [
              16.35076,
              50.36065
            ],
            [
              16.34374,
              50.36995
            ],
            [
              16.33423,
              50.37186
            ],
            [
              16.28865,
              50.37186
            ],
            [
              16.27697,
              50.36943
            ],
            [
              16.26984,
              50.36545
            ],
            [
              16.2625,
              50.36442
            ],
            [
              16.24968,
              50.37103
            ],
            [
              16.24493,
              50.37682
            ],
            [
              16.23201,
              50.40261
            ],
            [
              16.19956,
              50.40628
            ],
            [
              16.19015,
              50.42416
            ],
            [
              16.19801,
              50.44002
            ],
            [
              16.21795,
              50.43713
            ],
            [
              16.21609,
              50.44018
            ],
            [
              16.21124,
              50.45129
            ],
            [
              16.21733,
              50.45165
            ],
            [
              16.22653,
              50.45537
            ],
            [
              16.23201,
              50.45677
            ],
            [
              16.24741,
              50.46498
            ],
            [
              16.26498,
              50.47165
            ],
            [
              16.27997,
              50.47987
            ],
            [
              16.28772,
              50.49278
            ],
            [
              16.30343,
              50.49604
            ],
            [
              16.33547,
              50.49036
            ],
            [
              16.35262,
              50.49278
            ],
            [
              16.36203,
              50.50121
            ],
            [
              16.3826,
              50.51418
            ],
            [
              16.39118,
              50.52183
            ],
            [
              16.38838,
              50.52126
            ],
            [
              16.38828,
              50.52715
            ],
            [
              16.38962,
              50.53485
            ],
            [
              16.39118,
              50.53991
            ],
            [
              16.39552,
              50.5457
            ],
            [
              16.39831,
              50.54849
            ],
            [
              16.39831,
              50.5518
            ],
            [
              16.39448,
              50.55934
            ],
            [
              16.4259,
              50.56756
            ],
            [
              16.41681,
              50.58663
            ],
            [
              16.33164,
              50.64404
            ],
            [
              16.30095,
              50.6551
            ],
            [
              16.26829,
              50.66042
            ],
            [
              16.23201,
              50.66089
            ],
            [
              16.21909,
              50.65913
            ],
            [
              16.21175,
              50.64911
            ],
            [
              16.20452,
              50.63634
            ],
            [
              16.19232,
              50.62658
            ],
            [
              16.17548,
              50.62409
            ],
            [
              16.16028,
              50.62864
            ],
            [
              16.12866,
              50.64404
            ],
            [
              16.08649,
              50.64678
            ],
            [
              16.02448,
              50.60859
            ],
            [
              15.982,
              50.60363
            ],
            [
              15.97993,
              50.60663
            ],
            [
              15.97921,
              50.60978
            ],
            [
              15.98004,
              50.61298
            ],
            [
              15.982,
              50.61624
            ],
            [
              15.99637,
              50.62368
            ],
            [
              15.99864,
              50.63557
            ],
            [
              15.99316,
              50.64936
            ],
            [
              15.98448,
              50.6629
            ],
            [
              15.97146,
              50.67861
            ],
            [
              15.95802,
              50.68688
            ],
            [
              15.94149,
              50.68838
            ],
            [
              15.88227,
              50.67422
            ],
            [
              15.85457,
              50.6737
            ],
            [
              15.84816,
              50.67515
            ],
            [
              15.79762,
              50.72977
            ],
            [
              15.79442,
              50.73587
            ],
            [
              15.79224,
              50.74269
            ],
            [
              15.76744,
              50.74419
            ],
            [
              15.68435,
              50.73143
            ],
            [
              15.6738,
              50.73354
            ],
            [
              15.66646,
              50.73809
            ],
            [
              15.65324,
              50.75096
            ],
            [
              15.64187,
              50.75577
            ],
            [
              15.44177,
              50.80021
            ],
            [
              15.40012,
              50.79799
            ],
            [
              15.39082,
              50.79065
            ],
            [
              15.38131,
              50.78
            ],
            [
              15.37026,
              50.77261
            ],
            [
              15.36858,
              50.77295
            ],
            [
              15.3561,
              50.77546
            ],
            [
              15.34969,
              50.78372
            ],
            [
              15.35051,
              50.79323
            ],
            [
              15.35331,
              50.80326
            ],
            [
              15.35299,
              50.81297
            ],
            [
              15.34101,
              50.83173
            ],
            [
              15.32581,
              50.83969
            ],
            [
              15.30773,
              50.84475
            ],
            [
              15.28778,
              50.85488
            ],
            [
              15.27713,
              50.86573
            ],
            [
              15.26535,
              50.88227
            ],
            [
              15.25605,
              50.89989
            ],
            [
              15.25305,
              50.9141
            ],
            [
              15.26008,
              50.9325
            ],
            [
              15.26876,
              50.94299
            ],
            [
              15.2698,
              50.95265
            ],
            [
              15.25378,
              50.96903
            ],
            [
              15.22711,
              50.97741
            ],
            [
              15.17016,
              50.97798
            ],
            [
              15.16076,
              50.99265
            ],
            [
              15.15611,
              51.00784
            ],
            [
              15.14443,
              51.01156
            ],
            [
              15.13151,
              51.00583
            ],
            [
              15.12252,
              50.99275
            ],
            [
              15.12252,
              50.99265
            ],
            [
              15.11921,
              50.98247
            ],
            [
              15.10795,
              50.98102
            ],
            [
              15.09389,
              50.98542
            ],
            [
              15.08211,
              50.99275
            ],
            [
              15.07363,
              51.00262
            ],
            [
              15.02299,
              51.00965
            ],
            [
              15.00397,
              51.02069
            ],
            [
              15.00118,
              51.01244
            ],
            [
              14.99653,
              51.00784
            ],
            [
              14.98206,
              51.00118
            ],
            [
              14.97638,
              51.0004
            ],
            [
              14.97069,
              50.9987
            ],
            [
              14.96563,
              50.99606
            ],
            [
              14.96108,
              50.99265
            ],
            [
              14.96098,
              50.99265
            ],
            [
              14.96522,
              50.98133
            ],
            [
              14.98144,
              50.97322
            ],
            [
              14.99663,
              50.95922
            ],
            [
              14.99777,
              50.93017
            ],
            [
              14.99467,
              50.92511
            ],
            [
              14.98485,
              50.91808
            ],
            [
              14.98206,
              50.91467
            ],
            [
              14.98113,
              50.90909
            ],
            [
              14.98175,
              50.90527
            ],
            [
              14.98289,
              50.90242
            ],
            [
              14.98413,
              50.8677
            ],
            [
              14.98206,
              50.85907
            ],
            [
              14.86786,
              50.86439
            ],
            [
              14.83168,
              50.85798
            ],
            [
              14.81039,
              50.85845
            ],
            [
              14.8105,
              50.87705
            ],
            [
              14.82465,
              50.89183
            ],
            [
              14.86021,
              50.91684
            ],
            [
              14.91065,
              50.99265
            ],
            [
              14.95529,
              51.06404
            ],
            [
              14.95829,
              51.07551
            ],
            [
              14.9585,
              51.09474
            ],
            [
              14.96025,
              51.10458
            ],
            [
              14.96563,
              51.11151
            ],
            [
              14.97338,
              51.11613
            ],
            [
              14.98,
              51.1228
            ],
            [
              14.98206,
              51.13564
            ],
            [
              14.9832,
              51.16091
            ],
            [
              14.99136,
              51.18897
            ],
            [
              15.0049,
              51.21561
            ],
            [
              15.02206,
              51.23677
            ],
            [
              15.01792,
              51.23956
            ],
            [
              15.01431,
              51.24266
            ],
            [
              15.01948,
              51.27168
            ],
            [
              15.0049,
              51.29129
            ],
            [
              14.98227,
              51.30801
            ],
            [
              14.96377,
              51.32839
            ],
            [
              14.96098,
              51.33529
            ],
            [
              14.95664,
              51.35322
            ],
            [
              14.95664,
              51.35415
            ],
            [
              14.95065,
              51.39654
            ],
            [
              14.94692,
              51.42291
            ],
            [
              14.9554,
              51.43541
            ],
            [
              14.94506,
              51.44919
            ],
            [
              14.92656,
              51.46133
            ],
            [
              14.91095,
              51.46898
            ],
            [
              14.88832,
              51.47575
            ],
            [
              14.8414,
              51.48443
            ],
            [
              14.81856,
              51.4926
            ],
            [
              14.81856,
              51.4927
            ],
            [
              14.79747,
              51.5021
            ],
            [
              14.73216,
              51.51582
            ],
            [
              14.71004,
              51.53024
            ],
            [
              14.70677,
              51.54083
            ],
            [
              14.70456,
              51.54799
            ],
            [
              14.71272,
              51.56742
            ],
            [
              14.73216,
              51.58662
            ],
            [
              14.74394,
              51.60664
            ],
            [
              14.74228,
              51.63297
            ],
            [
              14.73246,
              51.65835
            ],
            [
              14.71955,
              51.67563
            ],
            [
              14.67097,
              51.70077
            ],
            [
              14.64844,
              51.71721
            ],
            [
              14.6381,
              51.74263
            ],
            [
              14.63418,
              51.76901
            ],
            [
              14.62033,
              51.78054
            ],
            [
              14.60224,
              51.78831
            ],
            [
              14.58581,
              51.80389
            ],
            [
              14.58281,
              51.82508
            ],
            [
              14.59594,
              51.84242
            ],
            [
              14.6533,
              51.87862
            ],
            [
              14.67169,
              51.89389
            ],
            [
              14.68709,
              51.9119
            ],
            [
              14.69557,
              51.93146
            ],
            [
              14.69908,
              51.99251
            ],
            [
              14.70446,
              52.00223
            ],
            [
              14.72606,
              52.02644
            ],
            [
              14.73029,
              52.03589
            ],
            [
              14.73216,
              52.04507
            ],
            [
              14.73536,
              52.05403
            ],
            [
              14.74301,
              52.06253
            ],
            [
              14.7614,
              52.07667
            ],
            [
              14.69639,
              52.10669
            ],
            [
              14.68637,
              52.12103
            ],
            [
              14.69247,
              52.14697
            ],
            [
              14.70322,
              52.16516
            ],
            [
              14.70704,
              52.17945
            ],
            [
              14.69257,
              52.19338
            ],
            [
              14.69257,
              52.19958
            ],
            [
              14.7121,
              52.21544
            ],
            [
              14.71241,
              52.23591
            ],
            [
              14.69691,
              52.25348
            ],
            [
              14.6689,
              52.261
            ],
            [
              14.64048,
              52.26505
            ],
            [
              14.60658,
              52.27575
            ],
            [
              14.58415,
              52.29123
            ],
            [
              14.59015,
              52.30942
            ],
            [
              14.56917,
              52.33851
            ],
            [
              14.5454,
              52.38215
            ],
            [
              14.53982,
              52.42187
            ],
            [
              14.59159,
              52.4498
            ],
            [
              14.61578,
              52.47328
            ],
            [
              14.63232,
              52.49674
            ],
            [
              14.62767,
              52.50742
            ],
            [
              14.60906,
              52.5178
            ],
            [
              14.61681,
              52.54103
            ],
            [
              14.64482,
              52.57692
            ],
            [
              14.61371,
              52.59253
            ],
            [
              14.60797,
              52.59646
            ],
            [
              14.54994,
              52.63619
            ],
            [
              14.4901,
              52.65064
            ],
            [
              14.46137,
              52.67456
            ],
            [
              14.44235,
              52.67996
            ],
            [
              14.43192,
              52.68609
            ],
            [
              14.39771,
              52.72712
            ],
            [
              14.3822,
              52.73815
            ],
            [
              14.27595,
              52.78572
            ],
            [
              14.24867,
              52.79458
            ],
            [
              14.21601,
              52.81799
            ],
            [
              14.19596,
              52.82337
            ],
            [
              14.17374,
              52.82435
            ],
            [
              14.15276,
              52.82833
            ],
            [
              14.1354,
              52.8366
            ],
            [
              14.12392,
              52.85065
            ],
            [
              14.15048,
              52.86463
            ],
            [
              14.16082,
              52.87675
            ],
            [
              14.16495,
              52.89566
            ],
            [
              14.16268,
              52.90817
            ],
            [
              14.15048,
              52.94364
            ],
            [
              14.14449,
              52.95369
            ],
            [
              14.14449,
              52.95992
            ],
            [
              14.19286,
              52.98165
            ],
            [
              14.25373,
              53.00088
            ],
            [
              14.31264,
              53.02922
            ],
            [
              14.34334,
              53.04862
            ],
            [
              14.35678,
              53.06668
            ],
            [
              14.35957,
              53.07506
            ],
            [
              14.38954,
              53.13167
            ],
            [
              14.38747,
              53.14614
            ],
            [
              14.38148,
              53.1603
            ],
            [
              14.37786,
              53.17655
            ],
            [
              14.38065,
              53.18986
            ],
            [
              14.38778,
              53.20208
            ],
            [
              14.39771,
              53.21099
            ],
            [
              14.40825,
              53.2144
            ],
            [
              14.41559,
              53.22099
            ],
            [
              14.44163,
              53.25184
            ],
            [
              14.42861,
              53.25908
            ],
            [
              14.42468,
              53.26466
            ],
            [
              14.40938,
              53.27243
            ],
            [
              14.40329,
              53.27879
            ],
            [
              14.40019,
              53.28861
            ],
            [
              14.39957,
              53.30675
            ],
            [
              14.39801,
              53.31522
            ],
            [
              14.39126,
              53.33402
            ],
            [
              14.37032,
              53.3923
            ],
            [
              14.35988,
              53.44408
            ],
            [
              14.3389,
              53.46521
            ],
            [
              14.32846,
              53.48609
            ],
            [
              14.30417,
              53.50852
            ],
            [
              14.29694,
              53.52914
            ],
            [
              14.29621,
              53.55131
            ],
            [
              14.2989,
              53.58789
            ],
            [
              14.29704,
              53.59776
            ],
            [
              14.27606,
              53.63662
            ],
            [
              14.26097,
              53.65621
            ],
            [
              14.2651,
              53.67176
            ],
            [
              14.26386,
              53.69988
            ],
            [
              14.2639,
              53.69998
            ],
            [
              14.27369,
              53.70063
            ],
            [
              14.29168,
              53.70527
            ],
            [
              14.30486,
              53.71255
            ],
            [
              14.30616,
              53.72069
            ],
            [
              14.28858,
              53.72797
            ],
            [
              14.29835,
              53.73143
            ],
            [
              14.30161,
              53.73485
            ],
            [
              14.29835,
              53.73827
            ],
            [
              14.28858,
              53.74164
            ],
            [
              14.2942,
              53.74909
            ],
            [
              14.30405,
              53.74388
            ],
            [
              14.31804,
              53.73973
            ],
            [
              14.33041,
              53.7342
            ],
            [
              14.34205,
              53.71491
            ],
            [
              14.35621,
              53.70844
            ],
            [
              14.38356,
              53.70063
            ],
            [
              14.40358,
              53.68781
            ],
            [
              14.41456,
              53.68236
            ],
            [
              14.45867,
              53.67788
            ],
            [
              14.51238,
              53.66645
            ],
            [
              14.53102,
              53.65778
            ],
            [
              14.54623,
              53.64476
            ],
            [
              14.57911,
              53.60724
            ],
            [
              14.59059,
              53.59837
            ],
            [
              14.59588,
              53.6013
            ],
            [
              14.59702,
              53.61734
            ],
            [
              14.60157,
              53.62665
            ],
            [
              14.61004,
              53.63276
            ],
            [
              14.62379,
              53.63923
            ],
            [
              14.62306,
              53.64301
            ],
            [
              14.62281,
              53.64696
            ],
            [
              14.62379,
              53.65282
            ],
            [
              14.61305,
              53.65469
            ],
            [
              14.58741,
              53.65607
            ],
            [
              14.57594,
              53.65965
            ],
            [
              14.54493,
              53.70405
            ],
            [
              14.55144,
              53.72614
            ],
            [
              14.57594,
              53.76952
            ],
            [
              14.58741,
              53.76349
            ],
            [
              14.59734,
              53.7652
            ],
            [
              14.60825,
              53.76903
            ],
            [
              14.62379,
              53.76952
            ],
            [
              14.61671,
              53.79474
            ],
            [
              14.62037,
              53.81485
            ],
            [
              14.62729,
              53.83271
            ],
            [
              14.63063,
              53.85151
            ],
            [
              14.62379,
              53.85151
            ],
            [
              14.62135,
              53.83955
            ],
            [
              14.61354,
              53.83161
            ],
            [
              14.58961,
              53.81733
            ],
            [
              14.59588,
              53.81049
            ],
            [
              14.58709,
              53.81265
            ],
            [
              14.58009,
              53.81533
            ],
            [
              14.57447,
              53.81908
            ],
            [
              14.5691,
              53.82416
            ],
            [
              14.57423,
              53.82709
            ],
            [
              14.58326,
              53.83422
            ],
            [
              14.58961,
              53.83784
            ],
            [
              14.57586,
              53.8548
            ],
            [
              14.55209,
              53.86278
            ],
            [
              14.44117,
              53.86962
            ],
            [
              14.42555,
              53.87983
            ],
            [
              14.43816,
              53.89932
            ],
            [
              14.43491,
              53.90131
            ],
            [
              14.43409,
              53.9016
            ],
            [
              14.43377,
              53.90241
            ],
            [
              14.4319,
              53.90615
            ],
            [
              14.42205,
              53.89614
            ],
            [
              14.41424,
              53.89472
            ],
            [
              14.40577,
              53.89741
            ],
            [
              14.39381,
              53.89932
            ],
            [
              14.3851,
              53.89728
            ],
            [
              14.37827,
              53.89232
            ],
            [
              14.37159,
              53.88589
            ],
            [
              14.36305,
              53.87938
            ],
            [
              14.39291,
              53.87596
            ],
            [
              14.40919,
              53.87157
            ],
            [
              14.41765,
              53.86514
            ],
            [
              14.4157,
              53.85301
            ],
            [
              14.40528,
              53.84418
            ],
            [
              14.39259,
              53.84072
            ],
            [
              14.38356,
              53.84467
            ],
            [
              14.35621,
              53.83446
            ],
            [
              14.34262,
              53.83185
            ],
            [
              14.3283,
              53.831
            ],
            [
              14.3283,
              53.82416
            ],
            [
              14.34205,
              53.82099
            ],
            [
              14.34132,
              53.81891
            ],
            [
              14.3283,
              53.81733
            ],
            [
              14.31886,
              53.81818
            ],
            [
              14.30307,
              53.82306
            ],
            [
              14.29135,
              53.82416
            ],
            [
              14.27467,
              53.8308
            ],
            [
              14.22657,
              53.87197
            ],
            [
              14.20314,
              53.87832
            ],
            [
              14.20082,
              53.87816
            ],
            [
              14.19276,
              53.89377
            ],
            [
              14.17529,
              53.90648
            ],
            [
              14.1848,
              53.90813
            ],
            [
              14.19307,
              53.91149
            ],
            [
              14.21005,
              53.93846
            ],
            [
              14.22657,
              53.93403
            ],
            [
              14.23748,
              53.92866
            ],
            [
              14.26808,
              53.92182
            ],
            [
              14.36703,
              53.91698
            ],
            [
              14.40675,
              53.92182
            ],
            [
              14.44557,
              53.93403
            ],
            [
              14.51735,
              53.96524
            ],
            [
              14.78191,
              54.03461
            ],
            [
              15.0101,
              54.06981
            ],
            [
              15.28834,
              54.13886
            ],
            [
              15.46852,
              54.16714
            ],
            [
              15.66578,
              54.19843
            ],
            [
              15.85971,
              54.24999
            ],
            [
              16.02084,
              54.26179
            ],
            [
              16.13152,
              54.28352
            ],
            [
              16.11891,
              54.27603
            ],
            [
              16.06935,
              54.26301
            ],
            [
              16.09108,
              54.25397
            ],
            [
              16.17921,
              54.26301
            ],
            [
              16.17921,
              54.26919
            ],
            [
              16.17237,
              54.26919
            ],
            [
              16.17237,
              54.2766
            ],
            [
              16.22006,
              54.2766
            ],
            [
              16.21957,
              54.28148
            ],
            [
              16.21852,
              54.28238
            ],
            [
              16.21664,
              54.28205
            ],
            [
              16.21323,
              54.28352
            ],
            [
              16.21518,
              54.29963
            ],
            [
              16.19215,
              54.30028
            ],
            [
              16.13771,
              54.29027
            ],
            [
              16.17213,
              54.30024
            ],
            [
              16.21355,
              54.31611
            ],
            [
              16.2754,
              54.35859
            ],
            [
              16.26287,
              54.34369
            ],
            [
              16.24049,
              54.33002
            ],
            [
              16.23178,
              54.32258
            ],
            [
              16.2409,
              54.32453
            ],
            [
              16.25904,
              54.32673
            ],
            [
              16.27491,
              54.33047
            ],
            [
              16.28883,
              54.34024
            ],
            [
              16.3239,
              54.34992
            ],
            [
              16.33676,
              54.35859
            ],
            [
              16.32488,
              54.37311
            ],
            [
              16.30502,
              54.37348
            ],
            [
              16.29623,
              54.36726
            ],
            [
              16.28159,
              54.35859
            ],
            [
              16.32399,
              54.40131
            ],
            [
              16.43979,
              54.48827
            ],
            [
              16.43979,
              54.48212
            ],
            [
              16.43442,
              54.47236
            ],
            [
              16.44451,
              54.46988
            ],
            [
              16.46062,
              54.47346
            ],
            [
              16.4734,
              54.48212
            ],
            [
              16.47975,
              54.49555
            ],
            [
              16.47389,
              54.49966
            ],
            [
              16.46095,
              54.49649
            ],
            [
              16.44606,
              54.48827
            ],
            [
              16.46656,
              54.51215
            ],
            [
              16.50131,
              54.53242
            ],
            [
              16.56959,
              54.5572
            ],
            [
              16.77849,
              54.57514
            ],
            [
              16.85963,
              54.59394
            ],
            [
              16.90219,
              54.59813
            ],
            [
              16.93995,
              54.60602
            ],
            [
              17.03582,
              54.66706
            ],
            [
              17.33741,
              54.74901
            ],
            [
              17.71567,
              54.79043
            ],
            [
              17.88543,
              54.82412
            ],
            [
              18.15235,
              54.83832
            ],
            [
              18.3169,
              54.83832
            ],
            [
              18.33953,
              54.83348
            ],
            [
              18.37582,
              54.81513
            ],
            [
              18.38917,
              54.8111
            ],
            [
              18.41017,
              54.8083
            ],
            [
              18.75172,
              54.69009
            ],
            [
              18.81397,
              54.64321
            ],
            [
              18.82407,
              54.63223
            ],
            [
              18.83432,
              54.61668
            ],
            [
              18.8353,
              54.6031
            ],
            [
              18.81764,
              54.59813
            ],
            [
              18.81324,
              54.60155
            ],
            [
              18.80836,
              54.60883
            ],
            [
              18.80226,
              54.61603
            ],
            [
              18.78403,
              54.62352
            ],
            [
              18.77182,
              54.64228
            ],
            [
              18.75538,
              54.65449
            ],
            [
              18.70777,
              54.70124
            ],
            [
              18.6985,
              54.7038
            ],
            [
              18.66342,
              54.70799
            ],
            [
              18.65455,
              54.71015
            ],
            [
              18.64503,
              54.71955
            ],
            [
              18.61671,
              54.72525
            ],
            [
              18.55698,
              54.74901
            ],
            [
              18.49822,
              54.76537
            ],
            [
              18.48878,
              54.77318
            ],
            [
              18.45631,
              54.78766
            ],
            [
              18.44777,
              54.78998
            ],
            [
              18.43556,
              54.78681
            ],
            [
              18.42921,
              54.78168
            ],
            [
              18.41505,
              54.75312
            ],
            [
              18.4131,
              54.74653
            ],
            [
              18.4131,
              54.73192
            ],
            [
              18.41847,
              54.72822
            ],
            [
              18.44239,
              54.72199
            ],
            [
              18.44777,
              54.71825
            ],
            [
              18.45981,
              54.70604
            ],
            [
              18.47446,
              54.68757
            ],
            [
              18.47389,
              54.67992
            ],
            [
              18.47006,
              54.67328
            ],
            [
              18.47039,
              54.66673
            ],
            [
              18.48194,
              54.65961
            ],
            [
              18.47592,
              54.64008
            ],
            [
              18.48731,
              54.63178
            ],
            [
              18.50636,
              54.6341
            ],
            [
              18.52296,
              54.64655
            ],
            [
              18.5171,
              54.62995
            ],
            [
              18.52516,
              54.61668
            ],
            [
              18.53761,
              54.60545
            ],
            [
              18.56284,
              54.56
            ],
            [
              18.57065,
              54.55036
            ],
            [
              18.56674,
              54.52741
            ],
            [
              18.56756,
              54.48786
            ],
            [
              18.57407,
              54.45038
            ],
            [
              18.58806,
              54.43366
            ],
            [
              18.60377,
              54.43061
            ],
            [
              18.63429,
              54.41694
            ],
            [
              18.64991,
              54.4138
            ],
            [
              18.66334,
              54.41299
            ],
            [
              18.68002,
              54.40998
            ],
            [
              18.69435,
              54.40453
            ],
            [
              18.70045,
              54.39582
            ],
            [
              18.7173,
              54.38202
            ],
            [
              18.88592,
              54.35016
            ],
            [
              18.92319,
              54.34854
            ],
            [
              18.95436,
              54.35859
            ],
            [
              18.9629,
              54.3535
            ],
            [
              18.97462,
              54.34976
            ],
            [
              19.00213,
              54.34492
            ],
            [
              19.37721,
              54.37763
            ],
            [
              19.45997,
              54.40103
            ],
            [
              19.49928,
              54.4064
            ],
            [
              19.53102,
              54.41494
            ],
            [
              19.59254,
              54.45238
            ],
            [
              19.60955,
              54.45673
            ],
            [
              19.63077,
              54.44665
            ],
            [
              19.68028,
              54.43668
            ],
            [
              19.75826,
              54.43426
            ],
            [
              19.9647,
              54.42784
            ],
            [
              20.35207,
              54.41575
            ],
            [
              20.64084,
              54.40678
            ],
            [
              20.92961,
              54.39782
            ],
            [
              21.28741,
              54.38676
            ],
            [
              21.72077,
              54.37327
            ],
            [
              21.99895,
              54.36467
            ],
            [
              22.27712,
              54.35606
            ],
            [
              22.51039,
              54.34878
            ],
            [
              22.69839,
              54.34294
            ],
            [
              22.76722,
              54.35627
            ],
            [
              22.78603,
              54.36521
            ],
            [
              22.81134,
              54.39263
            ],
            [
              22.8127,
              54.3941
            ],
            [
              22.8376,
              54.40092
            ],
            [
              22.85889,
              54.39921
            ],
            [
              22.91884,
              54.38113
            ],
            [
              22.92969,
              54.3803
            ],
            [
              22.95243,
              54.38309
            ],
            [
              22.96266,
              54.3817
            ],
            [
              22.9733,
              54.37539
            ],
            [
              22.97899,
              54.36759
            ],
            [
              22.98343,
              54.35978
            ],
            [
              22.98974,
              54.35338
            ],
            [
              23.001,
              54.34888
            ],
            [
              23.03532,
              54.3465
            ],
            [
              23.04162,
              54.34097
            ],
            [
              23.038,
              54.33147
            ],
            [
              23.03222,
              54.32015
            ],
            [
              23.03211,
              54.30955
            ],
            [
              23.0501,
              54.29483
            ],
            [
              23.07304,
              54.29488
            ],
            [
              23.09691,
              54.30082
            ],
            [
              23.11707,
              54.30346
            ],
            [
              23.13526,
              54.29829
            ],
            [
              23.19727,
              54.26785
            ],
            [
              23.23541,
              54.25416
            ],
            [
              23.31602,
              54.23628
            ],
            [
              23.33599,
              54.22629
            ],
            [
              23.35447,
              54.21705
            ],
            [
              23.36408,
              54.20827
            ],
            [
              23.38227,
              54.18786
            ],
            [
              23.39147,
              54.1801
            ],
            [
              23.40181,
              54.17597
            ],
            [
              23.4233,
              54.17251
            ],
            [
              23.4325,
              54.16931
            ],
            [
              23.44904,
              54.15494
            ],
            [
              23.46299,
              54.13494
            ],
            [
              23.47395,
              54.11256
            ],
            [
              23.48159,
              54.09122
            ],
            [
              23.49617,
              54.04456
            ],
            [
              23.49648,
              54.02197
            ],
            [
              23.48159,
              54.00663
            ],
            [
              23.4695,
              54.00068
            ],
            [
              23.46413,
              53.99676
            ],
            [
              23.45927,
              53.99231
            ],
            [
              23.45865,
              53.98162
            ],
            [
              23.46289,
              53.97252
            ],
            [
              23.47095,
              53.96529
            ],
            [
              23.48159,
              53.96012
            ],
            [
              23.48749,
              53.95562
            ],
            [
              23.49038,
              53.95061
            ],
            [
              23.48976,
              53.94513
            ],
            [
              23.48562,
              53.93929
            ],
            [
              23.48687,
              53.90999
            ],
            [
              23.4972,
              53.88555
            ],
            [
              23.51043,
              53.8625
            ],
            [
              23.52066,
              53.83734
            ],
            [
              23.52986,
              53.78416
            ],
            [
              23.5404,
              53.76359
            ],
            [
              23.56469,
              53.7424
            ],
            [
              23.56479,
              53.7424
            ],
            [
              23.56707,
              53.68101
            ],
            [
              23.59094,
              53.61125
            ],
            [
              23.6758,
              53.45571
            ],
            [
              23.72292,
              53.3971
            ],
            [
              23.74297,
              53.36548
            ],
            [
              23.78297,
              53.27094
            ],
            [
              23.80064,
              53.24246
            ],
            [
              23.81863,
              53.22797
            ],
            [
              23.82845,
              53.21383
            ],
            [
              23.8362,
              53.19929
            ],
            [
              23.84808,
              53.18381
            ],
            [
              23.86596,
              53.172
            ],
            [
              23.88312,
              53.16399
            ],
            [
              23.89366,
              53.15195
            ],
            [
              23.89139,
              53.12771
            ],
            [
              23.8824,
              53.1133
            ],
            [
              23.8703,
              53.10126
            ],
            [
              23.86069,
              53.08748
            ],
            [
              23.85935,
              53.06798
            ],
            [
              23.86793,
              53.05103
            ],
            [
              23.89821,
              53.02754
            ],
            [
              23.90968,
              53.01273
            ],
            [
              23.91134,
              53.00506
            ],
            [
              23.90896,
              52.99305
            ],
            [
              23.90906,
              52.98666
            ],
            [
              23.91754,
              52.95881
            ],
            [
              23.91795,
              52.9508
            ],
            [
              23.91495,
              52.94463
            ],
            [
              23.90389,
              52.93114
            ],
            [
              23.9011,
              52.92326
            ],
            [
              23.90203,
              52.91253
            ],
            [
              23.90545,
              52.90654
            ],
            [
              23.90948,
              52.9015
            ],
            [
              23.91206,
              52.89385
            ],
            [
              23.92043,
              52.77262
            ],
            [
              23.9225,
              52.7426
            ],
            [
              23.90875,
              52.69986
            ],
            [
              23.86896,
              52.67004
            ],
            [
              23.73615,
              52.6149
            ],
            [
              23.56903,
              52.58589
            ],
            [
              23.48046,
              52.55442
            ],
            [
              23.3923,
              52.50964
            ],
            [
              23.27055,
              52.39512
            ],
            [
              23.23045,
              52.36507
            ],
            [
              23.21205,
              52.3475
            ],
            [
              23.16565,
              52.28939
            ],
            [
              23.16875,
              52.28893
            ],
            [
              23.1761,
              52.28514
            ],
            [
              23.18352,
              52.28131
            ],
            [
              23.19448,
              52.27146
            ],
            [
              23.19768,
              52.25831
            ],
            [
              23.18973,
              52.24053
            ],
            [
              23.21226,
              52.23167
            ],
            [
              23.28419,
              52.21973
            ],
            [
              23.29959,
              52.22343
            ],
            [
              23.31272,
              52.21529
            ],
            [
              23.37483,
              52.20095
            ],
            [
              23.39581,
              52.19958
            ],
            [
              23.39581,
              52.19338
            ],
            [
              23.38847,
              52.18415
            ],
            [
              23.39137,
              52.1825
            ],
            [
              23.40573,
              52.18591
            ],
            [
              23.41824,
              52.1825
            ],
            [
              23.42723,
              52.17679
            ],
            [
              23.43674,
              52.17568
            ],
            [
              23.45049,
              52.18591
            ],
            [
              23.45441,
              52.18147
            ],
            [
              23.46433,
              52.17635
            ],
            [
              23.47095,
              52.17162
            ],
            [
              23.48769,
              52.18162
            ],
            [
              23.49152,
              52.1741
            ],
            [
              23.48873,
              52.16214
            ],
            [
              23.48469,
              52.15863
            ],
            [
              23.5125,
              52.12444
            ],
            [
              23.53193,
              52.12064
            ],
            [
              23.57937,
              52.12155
            ],
            [
              23.59818,
              52.11452
            ],
            [
              23.60479,
              52.10677
            ],
            [
              23.60986,
              52.09863
            ],
            [
              23.61585,
              52.0923
            ],
            [
              23.62525,
              52.08972
            ],
            [
              23.63745,
              52.08447
            ],
            [
              23.64148,
              52.07292
            ],
            [
              23.64251,
              52.0614
            ],
            [
              23.65078,
              52.04894
            ],
            [
              23.66494,
              52.01117
            ],
            [
              23.67641,
              51.99409
            ],
            [
              23.66071,
              51.98688
            ],
            [
              23.64758,
              51.97409
            ],
            [
              23.62867,
              51.94634
            ],
            [
              23.62215,
              51.92794
            ],
            [
              23.62143,
              51.89557
            ],
            [
              23.61492,
              51.88425
            ],
            [
              23.61885,
              51.88327
            ],
            [
              23.6206,
              51.88322
            ],
            [
              23.62133,
              51.88203
            ],
            [
              23.62185,
              51.87743
            ],
            [
              23.60986,
              51.87327
            ],
            [
              23.60572,
              51.85159
            ],
            [
              23.59456,
              51.8433
            ],
            [
              23.61027,
              51.82518
            ],
            [
              23.62867,
              51.80976
            ],
            [
              23.6175,
              51.7865
            ],
            [
              23.59828,
              51.77467
            ],
            [
              23.5773,
              51.76669
            ],
            [
              23.56035,
              51.75454
            ],
            [
              23.55632,
              51.74736
            ],
            [
              23.55229,
              51.73664
            ],
            [
              23.5466,
              51.71359
            ],
            [
              23.55022,
              51.70842
            ],
            [
              23.55694,
              51.70139
            ],
            [
              23.55921,
              51.69517
            ],
            [
              23.55001,
              51.69243
            ],
            [
              23.54609,
              51.68964
            ],
            [
              23.54929,
              51.6832
            ],
            [
              23.55539,
              51.6763
            ],
            [
              23.56035,
              51.67196
            ],
            [
              23.54753,
              51.66207
            ],
            [
              23.54144,
              51.65974
            ],
            [
              23.53244,
              51.65897
            ],
            [
              23.53244,
              51.6515
            ],
            [
              23.54381,
              51.6438
            ],
            [
              23.54516,
              51.63411
            ],
            [
              23.53989,
              51.60711
            ],
            [
              23.5434,
              51.59274
            ],
            [
              23.55208,
              51.57882
            ],
            [
              23.57399,
              51.5553
            ],
            [
              23.56717,
              51.55489
            ],
            [
              23.56035,
              51.5553
            ],
            [
              23.57275,
              51.53967
            ],
            [
              23.58867,
              51.5359
            ],
            [
              23.60231,
              51.53078
            ],
            [
              23.60624,
              51.5174
            ],
            [
              23.6081,
              51.51122
            ],
            [
              23.61482,
              51.49722
            ],
            [
              23.63053,
              51.49042
            ],
            [
              23.64861,
              51.48621
            ],
            [
              23.66277,
              51.48019
            ],
            [
              23.64717,
              51.46019
            ],
            [
              23.64872,
              51.45397
            ],
            [
              23.68944,
              51.41642
            ],
            [
              23.6976,
              51.40443
            ],
            [
              23.68603,
              51.40105
            ],
            [
              23.6789,
              51.39407
            ],
            [
              23.67766,
              51.38379
            ],
            [
              23.68386,
              51.37028
            ],
            [
              23.66556,
              51.36581
            ],
            [
              23.64779,
              51.354
            ],
            [
              23.63404,
              51.3393
            ],
            [
              23.62867,
              51.32596
            ],
            [
              23.63518,
              51.3047
            ],
            [
              23.65089,
              51.29961
            ],
            [
              23.67021,
              51.29938
            ],
            [
              23.68727,
              51.2924
            ],
            [
              23.74266,
              51.21625
            ],
            [
              23.76519,
              51.19902
            ],
            [
              23.81604,
              51.17879
            ],
            [
              23.86359,
              51.14827
            ],
            [
              23.87475,
              51.13613
            ],
            [
              23.85821,
              51.13073
            ],
            [
              23.85449,
              51.12153
            ],
            [
              23.86927,
              51.10174
            ],
            [
              23.89552,
              51.07611
            ],
            [
              23.90421,
              51.06272
            ],
            [
              23.91599,
              51.02087
            ],
            [
              23.91599,
              51.01467
            ],
            [
              23.91175,
              51.00681
            ],
            [
              23.91909,
              51.00273
            ],
            [
              23.9318,
              50.99947
            ],
            [
              23.944,
              50.9942
            ],
            [
              23.95505,
              50.98356
            ],
            [
              23.95784,
              50.97534
            ],
            [
              23.95888,
              50.96635
            ],
            [
              23.96436,
              50.95322
            ],
            [
              23.97934,
              50.93751
            ],
            [
              24.04694,
              50.89803
            ],
            [
              24.13024,
              50.86894
            ],
            [
              24.14316,
              50.85643
            ],
            [
              24.13086,
              50.83907
            ],
            [
              24.10047,
              50.83499
            ],
            [
              24.0673,
              50.83483
            ],
            [
              24.04694,
              50.8291
            ],
            [
              24.02048,
              50.83855
            ],
            [
              23.99288,
              50.83623
            ],
            [
              23.96994,
              50.82517
            ],
            [
              23.95764,
              50.80801
            ],
            [
              23.9595,
              50.78889
            ],
            [
              23.97428,
              50.77618
            ],
            [
              23.99795,
              50.7692
            ],
            [
              24.02585,
              50.76703
            ],
            [
              24.02585,
              50.76083
            ],
            [
              24.01283,
              50.74331
            ],
            [
              24.02688,
              50.72802
            ],
            [
              24.05417,
              50.71716
            ],
            [
              24.08104,
              50.71298
            ],
            [
              24.07494,
              50.69019
            ],
            [
              24.0828,
              50.66916
            ],
            [
              24.10816,
              50.63029
            ],
            [
              24.10843,
              50.62988
            ],
            [
              24.08528,
              50.60441
            ],
            [
              24.09541,
              50.55686
            ],
            [
              24.10254,
              50.54363
            ],
            [
              24.10771,
              50.54084
            ],
            [
              24.10647,
              50.53862
            ],
            [
              24.09396,
              50.52715
            ],
            [
              24.07505,
              50.51428
            ],
            [
              24.01066,
              50.49278
            ],
            [
              24.00787,
              50.48074
            ],
            [
              24.00942,
              50.46147
            ],
            [
              24.00776,
              50.4485
            ],
            [
              24.00322,
              50.4377
            ],
            [
              23.98131,
              50.40478
            ],
            [
              23.9287,
              50.39083
            ],
            [
              23.74752,
              50.38938
            ],
            [
              23.713,
              50.3824
            ],
            [
              23.69574,
              50.37677
            ],
            [
              23.6822,
              50.36825
            ],
            [
              23.67125,
              50.35357
            ],
            [
              23.65868,
              50.327
            ],
            [
              23.65802,
              50.32561
            ],
            [
              23.64417,
              50.31269
            ],
            [
              23.56531,
              50.25781
            ],
            [
              23.53637,
              50.24283
            ],
            [
              23.53627,
              50.24283
            ],
            [
              23.53617,
              50.24277
            ],
            [
              23.53606,
              50.24277
            ],
            [
              23.48159,
              50.21595
            ],
            [
              23.43643,
              50.19347
            ],
            [
              23.20792,
              50.03395
            ],
            [
              23.17784,
              50.00398
            ],
            [
              23.14125,
              49.98548
            ],
            [
              23.10146,
              49.95711
            ],
            [
              22.99305,
              49.85443
            ],
            [
              22.95119,
              49.82662
            ],
            [
              22.94592,
              49.81836
            ],
            [
              22.93775,
              49.7982
            ],
            [
              22.9331,
              49.79107
            ],
            [
              22.92442,
              49.78544
            ],
            [
              22.90675,
              49.7812
            ],
            [
              22.89796,
              49.77743
            ],
            [
              22.88825,
              49.76973
            ],
            [
              22.82665,
              49.69738
            ],
            [
              22.8098,
              49.68632
            ],
            [
              22.79885,
              49.68327
            ],
            [
              22.77735,
              49.68048
            ],
            [
              22.76619,
              49.67423
            ],
            [
              22.75895,
              49.6656
            ],
            [
              22.74169,
              49.63366
            ],
            [
              22.66583,
              49.56736
            ],
            [
              22.64092,
              49.52876
            ],
            [
              22.66015,
              49.493
            ],
            [
              22.66686,
              49.47838
            ],
            [
              22.67307,
              49.43585
            ],
            [
              22.67679,
              49.42448
            ],
            [
              22.67958,
              49.41895
            ],
            [
              22.6926,
              49.40551
            ],
            [
              22.7142,
              49.39063
            ],
            [
              22.71978,
              49.38298
            ],
            [
              22.72423,
              49.36706
            ],
            [
              22.73776,
              49.27539
            ],
            [
              22.73394,
              49.26087
            ],
            [
              22.71709,
              49.23043
            ],
            [
              22.70293,
              49.19503
            ],
            [
              22.68712,
              49.17338
            ],
            [
              22.68175,
              49.16124
            ],
            [
              22.68784,
              49.15592
            ],
            [
              22.6925,
              49.15793
            ],
            [
              22.70573,
              49.16884
            ],
            [
              22.72143,
              49.1616
            ],
            [
              22.72019,
              49.16119
            ],
            [
              22.71637,
              49.16057
            ],
            [
              22.74882,
              49.14558
            ],
            [
              22.77807,
              49.12031
            ],
            [
              22.79647,
              49.11137
            ],
            [
              22.84132,
              49.09489
            ],
            [
              22.85342,
              49.08476
            ],
            [
              22.85352,
              49.07628
            ],
            [
              22.84442,
              49.0567
            ],
            [
              22.84318,
              49.04311
            ],
            [
              22.84753,
              49.0337
            ],
            [
              22.86375,
              49.01536
            ],
            [
              22.86501,
              49.01324
            ],
            [
              22.86696,
              49.00998
            ],
            [
              22.85528,
              48.99401
            ],
            [
              22.83502,
              48.99975
            ],
            [
              22.8129,
              49.01288
            ],
            [
              22.79502,
              49.01902
            ],
            [
              22.78396,
              49.02135
            ],
            [
              22.76546,
              49.0384
            ],
            [
              22.75533,
              49.04471
            ],
            [
              22.74448,
              49.04554
            ],
            [
              22.72195,
              49.04104
            ],
            [
              22.68578,
              49.0428
            ],
            [
              22.66438,
              49.04145
            ],
            [
              22.64289,
              49.04316
            ],
            [
              22.61829,
              49.05422
            ],
            [
              22.58077,
              49.08145
            ],
            [
              22.56072,
              49.08553
            ],
            [
              22.53964,
              49.0722
            ],
            [
              22.50501,
              49.08341
            ],
            [
              22.42677,
              49.08564
            ],
            [
              22.39008,
              49.09302
            ],
            [
              22.33944,
              49.12646
            ],
            [
              22.31815,
              49.13199
            ],
            [
              22.26286,
              49.13059
            ],
            [
              22.21594,
              49.14
            ],
            [
              22.20849,
              49.14419
            ],
            [
              22.20622,
              49.15049
            ],
            [
              22.20901,
              49.15695
            ],
            [
              22.20891,
              49.16398
            ],
            [
              22.19795,
              49.17199
            ],
            [
              22.18968,
              49.17302
            ],
            [
              22.16571,
              49.17111
            ],
            [
              22.15568,
              49.17152
            ],
            [
              22.1441,
              49.17488
            ],
            [
              22.11155,
              49.18863
            ],
            [
              22.04075,
              49.19746
            ],
            [
              22.01243,
              49.21105
            ],
            [
              22.00582,
              49.24289
            ],
            [
              21.99321,
              49.27818
            ],
            [
              21.96448,
              49.30857
            ],
            [
              21.92841,
              49.33079
            ],
            [
              21.87456,
              49.34836
            ],
            [
              21.83787,
              49.37042
            ],
            [
              21.81958,
              49.37725
            ],
            [
              21.79942,
              49.37482
            ],
            [
              21.78216,
              49.36448
            ],
            [
              21.768,
              49.35347
            ],
            [
              21.75757,
              49.34893
            ],
            [
              21.74217,
              49.35709
            ],
            [
              21.70858,
              49.39089
            ],
            [
              21.69173,
              49.40215
            ],
            [
              21.68181,
              49.40407
            ],
            [
              21.66631,
              49.40179
            ],
            [
              21.65876,
              49.40246
            ],
            [
              21.64863,
              49.40706
            ],
            [
              21.63003,
              49.4189
            ],
            [
              21.6199,
              49.42334
            ],
            [
              21.60119,
              49.42649
            ],
            [
              21.52957,
              49.42122
            ],
            [
              21.51442,
              49.41721
            ],
            [
              21.49619,
              49.41239
            ],
            [
              21.48151,
              49.41523
            ],
            [
              21.44441,
              49.40991
            ],
            [
              21.42787,
              49.4098
            ],
            [
              21.33041,
              49.42779
            ],
            [
              21.27439,
              49.44727
            ],
            [
              21.26054,
              49.44944
            ],
            [
              21.24245,
              49.44127
            ],
            [
              21.21124,
              49.41109
            ],
            [
              21.19409,
              49.4006
            ],
            [
              21.17259,
              49.39828
            ],
            [
              21.15729,
              49.40515
            ],
            [
              21.14303,
              49.41554
            ],
            [
              21.12494,
              49.42365
            ],
            [
              21.10944,
              49.42458
            ],
            [
              21.06882,
              49.41921
            ],
            [
              21.05353,
              49.41445
            ],
            [
              21.03327,
              49.39967
            ],
            [
              21.04546,
              49.39058
            ],
            [
              21.06851,
              49.38143
            ],
            [
              21.08071,
              49.36634
            ],
            [
              21.07254,
              49.35719
            ],
            [
              21.05404,
              49.35477
            ],
            [
              21.03296,
              49.35461
            ],
            [
              21.01725,
              49.35244
            ],
            [
              20.99668,
              49.33937
            ],
            [
              20.96402,
              49.3081
            ],
            [
              20.94242,
              49.29586
            ],
            [
              20.91896,
              49.29033
            ],
            [
              20.90056,
              49.2926
            ],
            [
              20.88434,
              49.3003
            ],
            [
              20.86801,
              49.31141
            ],
            [
              20.8493,
              49.3205
            ],
            [
              20.83359,
              49.32205
            ],
            [
              20.81654,
              49.32138
            ],
            [
              20.79411,
              49.32366
            ],
            [
              20.7783,
              49.3312
            ],
            [
              20.68952,
              49.4005
            ],
            [
              20.67391,
              49.40231
            ],
            [
              20.63608,
              49.39833
            ],
            [
              20.61448,
              49.40045
            ],
            [
              20.60528,
              49.40004
            ],
            [
              20.59505,
              49.39626
            ],
            [
              20.57914,
              49.3834
            ],
            [
              20.56766,
              49.37637
            ],
            [
              20.544,
              49.37084
            ],
            [
              20.52209,
              49.37435
            ],
            [
              20.43754,
              49.40252
            ],
            [
              20.42194,
              49.40019
            ],
            [
              20.42214,
              49.38298
            ],
            [
              20.37047,
              49.38169
            ],
            [
              20.32954,
              49.39177
            ],
            [
              20.31765,
              49.39161
            ],
            [
              20.30742,
              49.3866
            ],
            [
              20.3037,
              49.3804
            ],
            [
              20.30163,
              49.3712
            ],
            [
              20.29647,
              49.35694
            ],
            [
              20.28934,
              49.34309
            ],
            [
              20.28437,
              49.33864
            ],
            [
              20.20717,
              49.3342
            ],
            [
              20.19198,
              49.32862
            ],
            [
              20.17017,
              49.31162
            ],
            [
              20.16035,
              49.30562
            ],
            [
              20.13834,
              49.30733
            ],
            [
              20.13586,
              49.30888
            ],
            [
              20.13017,
              49.30392
            ],
            [
              20.11105,
              49.27586
            ],
            [
              20.10537,
              49.26397
            ],
            [
              20.09844,
              49.25286
            ],
            [
              20.08604,
              49.24304
            ],
            [
              20.08036,
              49.20811
            ],
            [
              20.07002,
              49.1831
            ],
            [
              20.05049,
              49.17323
            ],
            [
              20.01731,
              49.18387
            ],
            [
              19.96574,
              49.21565
            ],
            [
              19.93793,
              49.22511
            ],
            [
              19.9059,
              49.22279
            ],
            [
              19.88781,
              49.214
            ],
            [
              19.86829,
              49.20079
            ],
            [
              19.85422,
              49.19126
            ],
            [
              19.832,
              49.18589
            ],
            [
              19.7859,
              49.18816
            ],
            [
              19.76068,
              49.19421
            ],
            [
              19.74777,
              49.20589
            ],
            [
              19.7518,
              49.21906
            ],
            [
              19.78962,
              49.25948
            ],
            [
              19.79407,
              49.26185
            ],
            [
              19.80048,
              49.26304
            ],
            [
              19.80626,
              49.26526
            ],
            [
              19.80864,
              49.2709
            ],
            [
              19.80678,
              49.27524
            ],
            [
              19.80642,
              49.27549
            ],
            [
              19.79882,
              49.28071
            ],
            [
              19.79856,
              49.28108
            ],
            [
              19.79696,
              49.28335
            ],
            [
              19.79686,
              49.2834
            ],
            [
              19.78322,
              49.29002
            ],
            [
              19.7797,
              49.29337
            ],
            [
              19.77971,
              49.29345
            ],
            [
              19.78032,
              49.29761
            ],
            [
              19.78797,
              49.3051
            ],
            [
              19.78952,
              49.30919
            ],
            [
              19.78363,
              49.35756
            ],
            [
              19.77857,
              49.3742
            ],
            [
              19.76926,
              49.39311
            ],
            [
              19.76906,
              49.39321
            ],
            [
              19.76007,
              49.39766
            ],
            [
              19.72658,
              49.38887
            ],
            [
              19.70632,
              49.38753
            ],
            [
              19.68451,
              49.38908
            ],
            [
              19.62704,
              49.40187
            ],
            [
              19.6271,
              49.40216
            ],
            [
              19.62922,
              49.41394
            ],
            [
              19.6286,
              49.42959
            ],
            [
              19.63015,
              49.43502
            ],
            [
              19.6348,
              49.44132
            ],
            [
              19.5948,
              49.44158
            ],
            [
              19.57393,
              49.44525
            ],
            [
              19.55677,
              49.45388
            ],
            [
              19.5516,
              49.46101
            ],
            [
              19.53548,
              49.49285
            ],
            [
              19.51729,
              49.54328
            ],
            [
              19.5052,
              49.56338
            ],
            [
              19.48174,
              49.57351
            ],
            [
              19.47419,
              49.57873
            ],
            [
              19.45734,
              49.59806
            ],
            [
              19.44889,
              49.60031
            ],
            [
              19.44339,
              49.60178
            ],
            [
              19.4376,
              49.60013
            ],
            [
              19.43378,
              49.59517
            ],
            [
              19.34707,
              49.533
            ],
            [
              19.33952,
              49.52876
            ],
            [
              19.32536,
              49.52504
            ],
            [
              19.31503,
              49.52396
            ],
            [
              19.28423,
              49.52416
            ],
            [
              19.265,
              49.52148
            ],
            [
              19.24867,
              49.51626
            ],
            [
              19.2341,
              49.50721
            ],
            [
              19.22046,
              49.493
            ],
            [
              19.20444,
              49.46055
            ],
            [
              19.2062,
              49.45941
            ],
            [
              19.2094,
              49.45641
            ],
            [
              19.21136,
              49.45166
            ],
            [
              19.20899,
              49.44499
            ],
            [
              19.20454,
              49.44282
            ],
            [
              19.19224,
              49.44262
            ],
            [
              19.18935,
              49.4422
            ],
            [
              19.18232,
              49.42272
            ],
            [
              19.17974,
              49.41027
            ],
            [
              19.1725,
              49.40226
            ],
            [
              19.14171,
              49.3942
            ],
            [
              19.11659,
              49.39094
            ],
            [
              19.10626,
              49.3914
            ],
            [
              19.09664,
              49.39461
            ],
            [
              19.0768,
              49.40407
            ],
            [
              19.0676,
              49.40613
            ],
            [
              19.04579,
              49.40277
            ],
            [
              19.00714,
              49.3881
            ],
            [
              18.98182,
              49.38681
            ],
            [
              18.96228,
              49.38918
            ],
            [
              18.9567,
              49.40045
            ],
            [
              18.96084,
              49.43332
            ],
            [
              18.95825,
              49.44815
            ],
            [
              18.9534,
              49.46169
            ],
            [
              18.95236,
              49.47595
            ],
            [
              18.96115,
              49.49279
            ],
            [
              18.93221,
              49.50432
            ],
            [
              18.8332,
              49.51026
            ]
          ]
        ]
      }
    }
  ],
  "metadata": {
    "source": "Natural Earth via datasets/geo-countries",
    "license": "Public domain (Natural Earth)",
    "crop": "Poland and border regions of its seven neighbouring countries"
  }
}
